1534891884,freeworldnews,BudRock56,Congratulations, Mueller, You Just Destroyed the Mantafort Family!
1534891884,MassiveCock,sepseven,thought I might fit in here ;)
1534891884,DebateReligion,choosetango,Bless you??
1534891884,InstLife,instlifetime,Glitch?
1534891884,buildapc,CaliHighDreams,Evaluate my build
1534891883,Golf_R,x32htuom,Securing a pistol?
1534891883,AlmightyNessTV,CloutHunter,When Ness swallows his own nut, without it getting stuck in his throat
1534891883,AskOuija,dramps,____... This town is contaminated with ____
1534891882,Animals,typicalanimals,97% fluff, 3% eyes
1534891882,Jokes,Ydde2015,What did the robot have for dinner?
1534891882,PoliticalVideos,mothramantra,Media &amp; War! Daniel McAdams Opens the Ron Paul Institute Washington Conference - Ron Paul Liberty Report
1534891881,MakeupAddiction,mysterytea,How to deal with undereyes looking dry or creasy??
1534891881,OkCupid,Sonamdrukpa,How many \u201cpoints\u201d are certain traits worth?
1534891881,pyrocynical,Jonnydaboss,Terrible Photoshop of new merch
1534891881,Sprint,jushjustice,Trading in my unlocked Note 8 for a Note 9, however, it's in PLBL
1534891881,me_irl,TimmysMathTeacher,Me_irl
1534891881,GoneWildTrans,Heatherskelly,I'm New Here, Please Be Kind :)
1534891881,FranceSocial,Bobliie,Une histoire banale
1534891881,GLOBEauto,AutoNewsAdmin,[Business] - Rapper Post Malone's jet lands safely after 2 tires blow
1534891880,Shihtzu,ironmaiden80,T
1534891880,Xenoblade_Chronicles,bananapi761,Made a custom jewel case and label for the XC2 6 CD Soundtrack
1534891880,ESPNauto,AutoNewsAdmin,[Sports] - Kofi Annan, Muhammad Ali and the power of sport
1534891880,DragonballLegends,bjbiggens,I think I've taken everyone else's Bardock
1534891880,GlobalOffensive,stillalert,The panorama update dosen't have the option to change the brightness in-game anymore
1534891880,ClipCompilation,ijustwanttoclip,Fed~ Lily~ Imane~ Albert~ Scarra~ OMEGALUL | pokimane | IRL [28s]
1534891880,neogaming,Meremadesings,Star Control: Origins Gamescom \u201cBy Any Means Necessary\u201d Trailer
1534891880,teenagersnew,Iwashere11111,I would unironically die to see Israel fall
1534891879,OWNetwork,OWNetworkBot,Pine the Psychic by grboi in Competitiveoverwatch
1534891879,Borderlands2,cricks0545,After so many hours ..... Finally
1534891879,Animemes,mighty_alicorn,Thank you for your service, Stef\xe1n. The countless smiles you put on our faces will never be forgotten
1534891879,Hammocks,Jimmaplesong,Long term outdoor- rain fly that doesn\u2019t get stretched out in the wind.
1534891879,giveaways,AllAboutTheQueso,The EDITION Hotels store giveaway 08/31
1534891879,newsbotbot,-en-,@ABC: North Korea\u2019s nuclear activities have not stopped over the past year and the country continues to develop its nuclear program, UN\u2019s nuclear watchdog says. https://t.co/8WaA5I8w14 https://t.co/IyGQWpYq8b
1534891878,dankmemes,jcdehoff,RIP Stefan Karl Stefansson
1534891878,Damnthatsinteresting,CrystalVulpine,This pink lake actually exists (Lake Hillier)
1534891878,firepro,TheRealGC13,Questions about pins
1534891877,u_sarahcrossed,sarahcrossed,Ooo
1534891877,terriblefacebookmemes,PlusGoat,My brother is a hardcore conspiracy theorist, so his fb is full of stuff like this, and he genuinely believes it.
1534891877,LetsNotMeet,headlesslady,My daughter was somebody's LNM
1534891877,RocketLeagueExchange,complxminded,[PS4] [H] Keys [W] Dissolver
1534891876,Overwatch,rileymc14,Best Reinhardt Play I've Ever Done
1534891876,filipuns,kutispusit,Anong iniinom ng bully?
1534891876,3dshacks,NightLaB02,11.8 Homebrew: Is it region free?
1534891876,AskReddit,mobbfleek,Mechanics of reddit what do YOU recommend
1534891876,FreeSpeech,cojoco,Trump said on Monday that it is \u201cvery dangerous\u201d for social media companies like Twitter and Facebook to silence voices on their services
1534891876,teenagersnew,mf_uhhh,hailey said if 20 people sign this petition she\u2019ll sing to me
1534891876,gonewild,Floyrpoyr,[F]uck it
1534891876,Trump_Idiocy,Trump_Idiocy,Michael Cohen Says He Arranged Payments to Women at Trump\u2019s Direction
1534891876,u_hannafransisca,hannafransisca,Situs Judi Online Terpercaya
1534891875,space,dondonchacha,Do you think it\u2019s possible that Earth has, at any point in its history, been visited by intelligent alien life?
1534891875,url,mckimmyjohnson85,Get Fit Today With These Great Tips
1534891874,pinkdate,Electric_Speech,How to Get Started with Monero. PinkDate\u2019s preferred Cryptocurrency.
1534891874,AccidentalComedy,RussellWestG0AT,Accidental Comedy on r/AccidentalComedy
1534891874,u_GrimLawd,GrimLawd,Aerial view of a Shepherd dog doing his job.
1534891874,DESERETauto,AutoNewsAdmin,[World] - Colorado man charged with murder says wife killed daughters
1534891874,XXXTENTACION,archiehilsxm,LOOKING FOR A STAR is one of the most underrated songs
1534891874,WGU,JRPGFanMike,Admissions woes
1534891874,cock,Disposable3437,Standing at attention
1534891873,2meirl4meirl,Coderedcody,2meirl4meirl
1534891873,Ice_Poseidon,roway12,If sam bring back Cassandra . His stocks finally go up
1534891873,azdiamondbacks,seedless0227,Giving away 4 lower level tickets to tonight's game (sec 103, row 32, seats 1-4) will delete post when all tix are gone
1534891873,DESERETauto,AutoNewsAdmin,[World] - Michigan official faces manslaughter trial over Flint deaths
1534891872,TheInfowarsFeed,thefeedbot,Infowars.com - INSANE: SJWs Want To Change \u2018Vagina\u2019 To \u2018Front Hole\u2019 -
1534891872,samharris,pixelpp,What\u2019s this cognitive bias called? I\u2019ve forgotten.
1534891872,HomeImprovementGuides,ydamin,@homeservicesre1 : Just Added: Stacking Dehumidifiers? \u2013 Beaverton HVAC Tips and Reviews https://t.co/y2RnVPZ3L1
1534891872,latvia,spookex,Found this when fishing in Latvia, weighs more than 120kg. Maybe an old bomb?
1534891871,food,TruthRestored,Ultimate French Toast; drenched in creamy real butter, organic maple syrup and smothered in Greek yogurt, blueberries, fresh peaches, bananas and pecans.
1534891871,Evropeans,AmitabhBakchod,German state propaganda calls presidential candidate Jair Bolsonaro ''unlikable''
1534891871,politics,YuzuFan,Michael Cohen Says He Arranged Payments to Women at Trump\u2019s Direction
1534891870,Rainbow6,UraniumGalliumYtrium,Does this happen to anyone else
1534891870,explainlikeimfive,Vinicusv,ELI5: Does your brain make out to be better looking than you actually are?
1534891870,everquest,Keebs-,Returning player with a few questions regarding servers.
1534891870,TheMAGANetwork,peterboykin,WATCH: UNHINGED STUDENT BEATS CLASSMATE Over The Head With Cleaning Tool In Second Nasty Attack This Week [VIDEO]
1534891870,2007scape,Asynchronousx,Mithril Darts vs MSB imbued vs RUNE CBOW for training
1534891870,HollowKnight,feelsobnoxiousman,Death Glitch that both screws your game and breaks physics
1534891870,Kombucha,CannaBrained,Kombucha float?
1534891870,CockTributes,digibaku,22 m bbc for tribute [kik]
1534891870,me_irl,killerkangaroo8,Me\U0001f62dirl
1534891870,navy,snimrass,"The Chief is God" comic - anyone have a copy?
1534891870,thatHappened,REDDITOR_3333,Text i received from a girl i met on tinder. I told her we could go out. Sends me stuff like this to try and make me jealous for some reason.. Just why? Such cringe.
1534891870,Austin,tx_brandon,McNeil lines are scuffed
1534891870,AskOuija,Fun_Stick,I tried smoking pot today and now I'm _____!
1534891869,CringeAnarchy,RadioWaves1008,u/Adolf-The-Trap irl
1534891869,Deaths_Gambit,Cascoath,Grainy Text?
1534891868,TheWalkingDeadGame,Tundra1522,You know he had to do it to em
1534891868,cumsluts,pineapplexprez,Slow-Motion Amateur Facial
1534891868,unpopularopinion,The_Alces,America could take over the world right now.
1534891868,The_Donald,brad76543,Asking for a liberal friend....
1534891868,Boxers,Mumzly,*tug tug tug*
1534891868,AskFeminists,philmakraken,Why are men better at being women then women are at being women?
1534891867,nintendo,bluesjazzreally,Does anyone have a link to the Pixel Toad sound from Captain Toad Treasure Tracker?
1534891867,AutoNewspaper,AutoNewspaperAdmin,[National] - Man living in the U.S. illegally charged with murder of Iowa student Mollie Tibbetts | Globe
1534891867,vintageaudio,nikknockknoxx,Help me identify this phonograph &amp; radio cabinet
1534891867,bigboobs,KarlisBoylan,Iryna Ivanova oiled tits
1534891867,privacy,cwood74,WhatsApp to clamp down on 'sinister' messages in India
1534891866,Damnthatsinteresting,ImaginingDragon,History rendering.
1534891866,nyc,Fedupandhangry,Is it just me or has it pretty much always been raining Tue/Wed this summer?
1534891866,weed,bove69,Here\u2019s some concentrate i had a while back for those who didn\u2019t appreciate the black drop of dabs
1534891866,SteamTradingCards,EekssDee,Level Up Service [H] 13 Sets : 1 TF2 key + BONUS
1534891866,AutoNewspaper,AutoNewspaperAdmin,[Local] - Wallet lost decades ago finally returned to soldier's family in New Hampshire | Globe
1534891866,buildapc,StrictlyFT,Will standing on a flatted out cardboard box keep me from building up electricity?
1534891866,uCinci,EssemG,no parking pass for moving in, what are my options?
1534891865,pornID,sebi_carsti,does someone know the source or atleast her name?
1534891865,batman,Jasyn58,Instantly thought Batmobile. Bruce would rock this.
1534891865,LoveNikki,miladymarijn,Who else is the only one doing the co-op challenge in their association?
1534891865,EnterTheGungeon,nickthecat420,First time defeating the Lich
1534891865,granturismo,cu1ebrense,Recently joined GT Sport and I\u2019m having a blast. Every race I try to win. After 122 races i can\u2019t bring up my 1 clean race in a row record? C-D SR and raced Dragon Trail on repeat.
1534891865,2meirl4meirl,Yukki-elric,Feels bad man
1534891865,sissykik,jdrake19093,Wanna be in a group chat
1534891865,Sissies,mercyxoxo,First time posting here, how may I be of service?
1534891865,SonyAlpha,Geryanek,Flowerpot Islands, Ontario//Sony A6000 + 50mm
1534891864,dankmemes,CgRazor,\u264b oh no
1534891864,opieandanthony,RBuddCumia,Liar, liar.
1534891864,succulents,oceanpetal,So sweet!
1534891863,Needafriend,rkeithus28,25M - looking for anime and gamer friends
1534891863,worldnews,newstrendweb,Michael Cohen \u2018testified under oath that Donald Trump directed him to commit a crime,\u2019 lawyer Lanny Davis says
1534891863,howardstern,cd582000,Here\u2019s Shuli bombing at the Artie Roast
1534891863,MGTOW,CrackingYs,People are going out of their way to claim Asia Argento is a "victim" - this Instagram post says otherwise
1534891862,mildlyinfuriating,BecauseItAmusesMe,Walking into the office toilet and seeing this
1534891862,ottawa,CyberJay11,Creepy! Can anyone identify this?
1534891862,Rainbow6,Cgzach79,Given all ops every game, didn\u2019t buy them.
1534891862,u_Moomin-13,Moomin-13,Flat salt lake + very long exposure + patient girl = this
1534891862,Rainbow6,mPrice1,What does "Send it" mean?
1534891862,DeepFriedMemes,xXxMrEpixxXx,An in\U0001f171\ufe0feresting \U0001f171\ufe0fitle
1534891861,cumtributes,Sparty423,Tribute my wife\u2019s perky tits
1534891861,fantasyfootball,HumerSimpson123,Why _____ would likely bust
1534891861,goddesses,elDarko86,Elsie Hewitt
1534891861,Parenting,sims_antle,Just found out that my girl friend is pregnant, we are both 27 and im scared shitless reddit. Is being a parent as hard as it seems?
1534891860,AskReddit,juangusta,You spend 100 years inside the world of a video game, infinity rebirths. What game do you choose?
1534891860,BotTalk,topcat543,did you refresh even. confuse i find pleasure.
1534891860,movies,BunyipPouch,Michael Pena Joins 'Dora the Explorer' Film
1534891860,MassiveCock,HotHighTeacher,Does it fit?
1534891859,RocketLeagueExchange,Gavazi,[XBOX] [H] Striker TW Samurai and Tactician TW Vortex, W key or bmd offers
1534891859,InstLife,everybodyhatescheese,Started with the Surname Sabrina and continued as the males. Still playing as the last male, the game named the grandson.
1534891859,MTB,Kleaver_,Ordea MX30 29 a viable option?
1534891859,exmormon,RiotYeah,A study has found that in the last 32 years of annually-assessed student opinions, it is clear that belief among students that a god is the ultimate or contributing cause of human origins has steeply declined from being a majority view in 1986 to being a small minority view in 2017
1534891859,HotGirls,Dolor455,Need an @
1534891859,magicTCG,ottoaddict51,Nicol Bolas, The Ravager deck ideas
1534891859,anime,Mmb_art,[Fanart] Ann Takamaki - Persona 5
1534891859,WhitePeopleTwitter,ThatNerdyFratGuy,Yo man I\u2019m dry.
1534891859,TMJ,Unstealthy_stoner,Someone please help. Don't know if I'm overreacting or I fucked something up
1534891859,learnmath,emperorhairycheeto,Mad at my text book (dumb proofs done by induction)
1534891858,sneakermarket,theking0fsparta,[FS][US] Kith x Coke France 9.5
1534891858,shareyourmusic,trankwiZ,Made a dope hip hop track. Got a indie rock artist on this joint too. Check it out, tell me what you think.
1534891858,juicyasians,lestov,Gorgeous juicy Asian tits in motion
1534891858,u_socialbookmark2019,socialbookmark2019,best portable tire inflator
1534891858,Philippines,BvSBatman,Any Oculus Rift users here?
1534891858,thanksimcured,bbbhhbuh,Thanks I never realised that
1534891858,hardwareswap,TheBeefyCow,[USA-PA] [H] PayPal [W] LGA 1150 Z87/Z97 Motherboard
1534891857,MagicArena,bananafreesince93,Anyone else having new UI bugs after the latest patch?
1534891857,The_Donald,LegionOfDeplorables,Here at the rally. Jim is sad :(
1534891857,SteamTradingCards,retomculp198x,Level Up Service [H] 23 Sets : 1 CSGO key [W]
1534891857,losangelespersonals,PERSONALS_MOD,29 [M4F] #LosAngeles - Handsome guy looking to be your personal oral slave
1534891857,gaggedselfies,bunnicorn17,Ready to Obey
1534891857,MassiveCock,privatemaster,[M4F] Virgin cock anyone?
1534891857,pyrocynical,Z3NDragon,250,000 SUBSCRIBERS (2018 VERSION) (DESPACITO??????)
1534891857,u_Toya05,Toya05,NCAAF  2018 Live  
1534891857,AskReddit,CausticSodaPop,Why are you chewing your pudding?
1534891857,workfromhome365,AutoPilotBeats,If you have not Subscribed to this Sub Reddit be sure to do so now..
1534891856,houseplants,BlackAce1124,What size pot should I look for when potting up my first arrangement? Any different soil requirements?
1534891856,BBCsissies,SissyStephie68,Looking for a strong black man to talk filthy degrading stuff to me~ kik:stephysissy68
1534891856,EestiMentioned,EestiMentioned,[/r/newsbotbot] @Reuters: Finnish inventor sails a sauna boat to Estonia. https://t.co/55HCM3hcUi Via @ReutersTV https://t.co/jt9Ky9gTE4
1534891856,tennis,RazMataz90,Returning a Smash is Hard? Watch Federer Do it Over and Over again
1534891855,whatcarshouldIbuy,Gamerhead,Daily driver, trying to stay around $5k
1534891855,overheardsex,nyandor-leekta,Heard this when at a friend's
1534891855,NoMansSkyTheGame,ZLBuddha,I'm a pretty new player so this might be common knowledge, but I'm pretty sure I found a duplication glitch for Indium
1534891855,Animemes,Poiuy2010_2011,We all know it
1534891855,Motorrad,xXEVILMONKEYX,2018 BMW F850 GS Adventure revealed (/r/motonews)
1534891855,ComedyCemetery,bernasm,Haha! Too True!!! XD
1534891854,twitchstreams,AnimeInDepth,Road to 100 followers on twitch
1534891854,SkincareAddiction,xhhllxc,[routine help] need opinions as to whether or not I should reintroduce products to my routine.
1534891854,danganronpa,elijahd,Genderbent Ouma
1534891854,CryptoCurrency,johnpoore,Bogus Ethereum mining app tricks Google Play store
1534891853,exmormon,psychskeleton,So I need a small bit of help
1534891853,rant,SHOOTS_YOUR_COMMENT,My novelty account is all fucked up now
1534891853,thesims,Pansarankan,ever been on a date so good dude gives you a $2750 DJ booth as memorabilia?
1534891852,gardening,Vantabrown,I grew potatoes in a bed with rhodadendrons
1534891852,NewGirl,Jenkneefurrtran,More shows pls
1534891852,DungeonsAndDragons,Asks94,Running a one player campain (5e)
1534891852,BeautyGuruChatter,alyschellini,Morphe drops Laura Lee
1534891852,u_ToxicJChezcake,ToxicJChezcake,Nothing
1534891852,legaladvice,Drugs110,[EU] Software Company messed up, leaving a loop behind their 90-day free trial programme. Is exploiting it illegal?
1534891852,destiny2,Ainzip,Found the GOLD MINE.
1534891852,dokkanbattle,kieron124,F2P can be worth while Bois
1534891852,television,whiskymusty,American Horror Story: Apocalypse teaser
1534891852,gilf,xgranny,Granny anal and cums in her mouth
1534891852,AskReddit,Krispykikers,How do you feel about dragon scat and why?
1534891851,twentyonepilots,-Pearl7-,That looks too much like the yellow flowers in jumpsuit
1534891851,classicwow,vokamana,Most optimal professionals for gold/efficiency as a mage
1534891851,DnD,enricoboschin,I need help with a player in my campaign. Powerplayer? OP Character? D&amp;D 5E
1534891851,dokkanbattle,Matt_Senpai21,Can anyone suggest a strong fusion team? I only started playing around the 3rd anniversary, so i dont have the best units
1534891850,LiveWithEvan,conorp76,Hi i feel special im the top 3 post in livewithevan subreddit
1534891850,hackerspaces,CorinaWilcoxsz5,YouTube
1534891850,LivestreamFail,01Wassup123,IRL STREAM ~BUILDING MY BOYS PC!!~ | All experts are welcome to help | !sr
1534891850,u_dvu50170,dvu50170,\ud568\uc548\ucf5c\uac78\u300a\uce74\ud1a1ACE68 \u300b\ud568\uc548\ucf5c\uac78\uc0f5\u30ce\u300eACE75, NET\u300f\ud568\uc548\ucd9c\uc7a5\uc0f5H\uc678\uad6d\uc778\ucd9c\uc7a5\ub9cc\ub0a8\u30f4B\uc5ec\ub300\uc0dd\ucd9c\uc7a5\uc548\ub9c8\u30f4H\ud568\uc548\ucd9c\uc7a5\uc5c5\uc18c\u30f4\ud568\uc548\ucd9c\uc7a5\uc0f5\ucd94\ucc9c\u30f4\ud568\uc548\ubaa8\ud154\ucd9c\uc7a5\uc11c\ube44\uc2a4H\uc77c\ubcf8\uc778\ucd9c\uc7a5\ub9cc\ub0a8\uac15\ucd94hhh
1534891850,Ice_Poseidon,A_WHITE_INDIVIDUAL,Petition for my friend paul denino to unban u/roll47foam , whoever owned that account put a lot of effort into making top quality suggestions for the stream. We need him back!
1534891850,depression,ThrowThinkAway,I don't have my shit together
1534891849,u_FowelBallz,FowelBallz,Rep. Duncan Hunter and his wife indicted in use of campaign funds for personal expenses
1534891849,RocketLeagueExchange,a_fugly_ogre,[Xbox] [H] Striker Sky Blue Reactor, Orange Dynamo and Dueling Dragons [W] 31 Keys for all 3
1534891849,funny,Indigoblaze15,High AF calming product.
1534891849,Earthing,conr454,Alaskan man covers self in Earth
1534891848,NoStupidQuestions,iAmAddicted2R_ddit,If a car has a three-speed automatic with two low gearings (PRND21), could you drive it like a manual? If not, why not?
1534891848,CompTIA,Mitch-GA,Practice Question Help
1534891848,HelplessHentai,ObliviousPornAccount,Ashley Lawrence aka FemBomb - Garden of Eden
1534891848,SpidermanPS4,PopeYeeterson,Stores won\u2019t sell ps4 pros
1534891847,BPD,jelatrw,Mood swings
1534891847,xxxHot,molly-highview,cute panties :)
1534891847,FortniteYoutube,NugodFFM,Fortnite Funny Best Moments Ep. 40. WTF Fails Best Moments
1534891847,AskDocs,Craven_the_Cowardly,Heel pain causing my leg to jerk?
1534891847,The_Donald_Undeleted,og_m4,IT BEGINS: White people in South Africa are having their land stolen from them by the black government. This is the future the left wants for your grandchildren.
1534891847,atheism,RiotYeah,A study has found that in the last 32 years of annually-assessed student opinions, it is clear that belief among students that a god is the ultimate or contributing cause of human origins has steeply declined from being a majority view in 1986 to being a small minority view in 2017
1534891847,Spintires,boomheadshot7,I just want some jacked up 4x4s on console.
1534891847,Warthunder,D3R3K1997,When i checked the Gaijin store today
1534891846,aviation,behemuthm,Final Approach at Put-In-Bay, OH this weekend.
1534891846,GarageBand,StonelyLoner_,My 2nd beat tape. All made w/ GarageBand. Feedback is appreciated it\u2019s the only way I can get better.
1534891846,u_janbnic,janbnic,HOW TF HE FIGURE THAT OUT ????
1534891846,MapleStoryM,Undiesaurus,Activate buffs on pets?
1534891846,GalGadot,sexlineblingg,Too hot for more
1534891845,rpg_gamers,participatory1,Loot based ARPG's similar to Diablo?
1534891845,politics,drewiepoodle,What Michael Cohen's Guilty Plea Means for Trump
1534891845,pokemongotrades,_gumball_,[CA] 7377 4360 2976
1534891845,aww,kendallf,Rainy day naps
1534891845,tifu,FentoonskiFTW,tifu by finding a spider
1534891845,crappyoffbrands,cakeshake59,The beatles and oreo are shaking in their boots
1534891844,aww,Belovedshe_is,Little did she know...
1534891844,HollywoodUndead,fedec96,My CD collection
1534891844,Braincels,Sick_Of_IT_2855,The advice on just giving up youll never get nobody
1534891844,unitedkingdom,StopHavingAnOpinion,Jeremy Corbyn refuses to endorse tougher sanctions on Russia
1534891843,Advice,weirdgirl-01,Question?
1534891843,wallstreetbets,Dhimitri-,Is this good for my puts
1534891843,EarthPorn,nathanielthewise,The Northwest is awfully smoky right now but the natural beauty still shines through.. [OC] [3200 x 4000]
1534891843,opiates,1helluvalyfe,Reddit starter kit
1534891843,memes,slipstreamofslice,Guess im fucked ?
1534891843,newsbotbot,-en-,@Reuters: Finnish inventor sails a sauna boat to Estonia. https://t.co/55HCM3hcUi Via @ReutersTV https://t.co/jt9Ky9gTE4
1534891843,me_irl,Deckodeur,Me irl
1534891842,Showerthoughts,Work_Confusion,When you blink, you never notice the darkness which you stare at for a split second, however you would definitely be annoyed if your vision kept turning black for split seconds while you are staring.
1534891842,pics,sanitysepilogue,Willow Glen United Methodist Church invites the Silicon Valley Gay Men\u2019s Chorus to sing for service this morning
1534891842,The_Donald,semlaw,In May of This Year, President Trump Explained -- With Perfect Clarity -- Why The NDA Agreements That Cohen Negotiated Were Not Campaign Contributions.. Cohen Had No Formal Role With the Campaign And Received Only Three Payments From The Campaign For Matters Unrelated To The NDAs.. FAKE CRIME
1534891842,newsbotbot,-en-,@Reuters: American cuts second U.S.-China flight on fuel cost, rivalry https://t.co/S8DRIFHPVI
1534891842,Morocco,FluffySpike,LET ME HEAR YOUR WAR CRY SOLDIER !
1534891842,pokemon,HumanisticIntegral,What is your favourite duo in Pokemon? Mine is definitely Weezing and Arbok from Team Rocket. After they ran with koffings and ekans', the anime was dead for me.
1534891841,dirtyr4r,stupidtransquestion,24m [M4MTF] or [M4W] looking for some mtf cocks of all sizes, or BBW ladies for pics and/or NSA hook ups in NOVA
1534891841,whatsapp,wilzoo_,WhatsApp scam possibility
1534891841,gaming,MarmuK,Bad! by xxxtentacion Fortnite Edit (scrap) for SoaR Ashtronova #SoaRRC
1534891841,excel,Galikin,Email Cells with Value &gt; 0 Only
1534891841,amiga,Doener23,Text Interview 14: Andreas Magerl / Amiga Future
1534891841,SoundersFC,AndyKSul,Postgame Pontificiation: Brian Schmetzer knows what\u2019s working even if we don\u2019t
1534891841,u_Slimeko,Slimeko,Reminder that great -ggi &gt; Dromes
1534891841,newsbotbot,-en-,@Reuters: Tennis: For Rod Laver, it's go big or go home https://t.co/2aDqs5gG9O https://t.co/nYrlP9nuRv
1534891841,leopardgeckos,orborio,She just arrived in the mail today\u2764\ufe0f
1534891841,dirtypenpals,n0skinnychicks,31 [M4F] - Confessions of a chubby Chaser... Have you ever wished you were the chasee?
1534891841,relationship_advice,eurmoile,Girl stormed out of restaurant on a fancy dinner date in London
1534891841,espresso,optimisticflamingo,About to buy a new machine- refurbished?
1534891841,delusionalcraigslist,usalsfyre,Only 14 grand for a fake Type R
1534891840,Marvel,JacenC21,The new Logan emoji from Charles Soule himself #thereturnofwolverine
1534891840,newsbotbot,-en-,@Reuters: RT @reuterspictures: President Donald Trump speaks to the news media about the federal conviction of his former campaign chairman Paul Manafort, as the president arrives for a campaign event in West Virginia. Read more: https://t.co/rxJloKW26o \U0001f4f7 @LeahMillis https://t.co/rcVINiCvvT
1534891840,Baking,meddy0023,White chocolate and milk chocolate, what more could you need? \U0001f924
1534891840,ThickDick,Disposable3437,Standing at attention
1534891840,RocketLeagueExchange,Marty_McFries,[PS4] [H] Black Hypnotik [W] 7k [H] FG FSL [W] 1k
1534891840,newsbotTMT,-en-,@Techmeme: In an interview, Twitter CEO Jack Dorsey says Twitter should be built around following topics and interests, thinks an impartial product can exist (@cwarzel / BuzzFeed News) https://t.co/ssux8iJh9B https://t.co/lNKe1a1w5R
1534891840,PKA,RideMiPony,Kyle has brought down PKA so much recently, He needs to be replaced like Lefty was. He panders so much to the guest it's insufferable.
1534891840,Ghosts,Binky76,Ghost girl
1534891840,whoooosh,FoxTrotPlays,Big whoooosh
1534891840,PewdiepieSubmissions,Samuel_LChang,Stop right there. ITS PERFECT.
1534891840,Tools,cdcoop,Where can I find nut driver drill bits bigger than 1/2\u201d?
1534891840,malehairadvice,throwawayrhe11,I think it\u2019s time for an update. What do you guys recommend?
1534891839,Re_Zero,MrBloodyshadow,[Media] Ram and shiny Gardevoir
1534891839,newsbotbot,-en-,@Reuters: CORRECTION: Trump says Manafort case 'does not involve me' (not has 'nothing to do with me'). We will delete all instances of this incorrect tweet https://t.co/moo9SaIAf7 https://t.co/Aohnsixbc4
1534891839,Prussia,Limenoalik,Not 100% prussian but...guessed this would fit here.
1534891839,capitalisteye,intlnews,I Was Banned for Life From Twitter
1534891838,OnePiece,CHEFlaCHEF,Jumpstarting my watching of One Piece
1534891838,Gamingcirclejerk,DasGooden,I hate minorities and women but still going to buy the game because I was forced to\U0001f620\U0001f620\U0001f620
1534891838,anime,cssad,Cancer Researcher Praises, Explains Cells at Work! Anime's Episode 7 and recommends the anime/manga
1534891838,The_Mueller,MikeyFlipped,Ha ha!
1534891838,newsbotbot,-en-,@Reuters: S&amp;P 500 touches record high, equals longest-ever bull run https://t.co/NGDgLHCHle
1534891838,SoCalR4R,AtYourServ222,29 [M4F] #LosAngeles - Handsome guy looking to be your personal oral slave
1534891838,food,c_a_george,Grilled Chicken Gyro [Homemade]
1534891838,OutOfTheLoop,fortyandablunt666,Who is Stef\xe1n Karl Stef\xe1nsson?
1534891838,dirtykikpals,Casebae,19 [F4M] Young sexy slave boy toy wanted
1534891838,uncensorship,nucensorship,The horrors of free speech.
1534891838,u__addison_,_addison_,Hi \U0001f44b\U0001f3fb
1534891837,proED,kayasawyer,What\u2019s everyone\u2019s favourite brand of Protein Shake?
1534891837,XenobladeChronicles2,MeanPoutine,Best girl dances to Gokuraku Jodo by GARNiDELiA \u3010MMD\u3011
1534891837,mashable,AmySharpton,Don't believe the naysayers: Self-driving cars are already here in many ways
1534891837,alcoholicsanonymous,azki25,What do I do..
1534891837,mexico,crowned_pd,r/Mexico, que concursos han ganado?
1534891837,OnlineBargains,dfslol,[RateSupermarket.ca] Extra $100 incentive for applying PC Financial Mastercard
1534891837,AskCulinary,blukami,Zucchini and what to do beside bread, and on a budget
1534891837,memes,Aevitasmeme,Let\u2019s take over reddit with this wholesome man as our flag!
1534891836,newsbotbot,-en-,@Reuters: Israel bans Juul e-cigarettes citing 'grave' public health risk https://t.co/TcI3DICRtA
1534891836,SaintsRow,RealOhItsYou,saints row the third wont load any saves
1534891836,riddles,wakanda-whore-ever,Need Help Solving This Riddle
1534891836,JerkOffToCelebs,MysticOppressor,Charli XcX needs to get her ass pounded
1534891836,FinancialCareers,equityresearchmaybe,Equity Research Associate Interview - Have any tips or advice?
1534891836,OrganicChemistry,TurbulentCauliflower,Does anyone have a PDF of Modern Physical Organic Chemistry?
1534891836,CBSauto,AutoNewsAdmin,[Politics] - Rep. Duncan Hunter and his wife indicted
1534891836,wowguilds,Tzuyu21379,[A][EU][Silvermoon] &lt;DmgInc&gt; is recruiting
1534891835,u_kalesaladh,kalesaladh,burning
1534891835,FFXIVRECRUITMENT,OnceUponATavernBrawl,[AETHER][STATIC][LFM]New static forming [CAS]--&gt;[MC] need 1 DPS and 2 Healer.
1534891835,Allergies,Weezypeez,Dog dander nightmare
1534891835,BakaNewsJP,ijndael,\u8fd1\u6240\u306e\u30a4\u30cc\u3092\u62c9\u81f4\u66b4\u884c\u3001\u5bb9\u7591\u306e\u30bf\u30a4\u4eba\u7537\u902e\u6355\uff1d\u6027\u884c\u70ba\u76ee\u7684\u304b \u672c\u4eba\u306f\u5426\u5b9a
1534891835,newsbotbot,-en-,@nytimes: Evening Briefing: Here's what you need to know at the end of the day https://t.co/7yZNr6JgMB
1534891835,gifsthatkeepongiving,ImMikijiki,Good boy likes to play ball with anyone that passes by
1534891835,ffxivraf,mollior,[Recruiting] [Any Server] [Code: 7GK4GCFD] 500k gil if Omega
1534891835,boostedboards,MattFling,STEALTH OR MINI X?
1534891835,coaxedintoasnafu,LashOfGod,The first person who joked about that sub must have been criticized
1534891835,RWBYNSFW,IJustReadEverything,Jaune and Weiss Bang at Her Mansion [Luzel024 and Spellcaster Knight]
1534891835,Ice_Poseidon,honker99,Member this.
1534891834,UMukhasimAutoNews,Mukhasim,(R) Venezuelans near quake center rush into streets but no major damage reported
1534891834,Surface,FlickeringGalton,TouchPad becomes basic input device (mouse like functionality) after some sleep/resume
1534891834,ufc,Attorex,This is disgusting. How is he still the president?
1534891834,SubredditDrama,Dollyrots,DM posts to rpghorrorstories about one of his players. Subreddit is split on if he is at fault or not, either way he argues with people for two weeks.
1534891834,GameSale,jon_browne,[USA-TX][H] Super Mario Odyssey [W] Breath of the Wild
1534891834,mildlyinteresting,hogs3212,On behalf of my 6 year old..... #penus
1534891834,datascience,monicahpemberton,Data Science A-Z - One of the best courses that I have ever taken. I have already put this to excellent use in my organization and won some analytics contracts. I wish to take Kirill's other courses on machine learning as well.
1534891833,business,ajaychoudry,Tomato sauce ingredients, before and after the oven [Homemade]
1534891833,HiTMAN,heisenfgt,More gameplay from Gamescom, featuring the return of "Names are for friends."
1534891833,ModernMagic,xour,Competitive Modern Constructed League - August 21, 2018
1534891832,UMukhasimAutoNews,Mukhasim,(R) El Salvador says economy prompted diplomatic switch to China from Taiwan
1534891832,okdemocrats,programwitch,Michael Cohen\u2019s Guilty Plea For Hush Payments Involving Donald Trump\u2019s Affairs #okdemocrats
1534891831,Cricket,gamingnews500,Nick Browne and Tom Westley give Essex chance to control own destiny
1534891831,Laserlike_Hodgepodge,laserlikebot,Ice Confirmed at the Moon's Poles
1534891831,DeadSpace,Stalin-The-Wizard,Is there any way to play DS3 without Origin?
1534891831,Boxing,buffalozbrown,Danny Garcia: I Just Feel Like Thurman's Not Hungry Anymore
1534891830,OurPresident,thow78,Like fine wine...
1534891830,mcoyne12,mcoyne12,Levelled up Invention.
1534891830,WritingPrompts,Epicface227,[WP] All of a sudden its revealed to the world that every conspiracy theory ever created, from Chemtrails to Lizard People are true and the world begins to plunge into chaos.
1534891830,newsbotMARKET,-en-,@BW: China holds its lead as electric vehicle sales surge worldwide https://t.co/Dn9s39gLov
1534891830,DunderMifflin,Imnotzack,Am I doing this right?
1534891830,TheSilphRoad,CelebiPussyJungle,has anyone completed the celebi quest yet?
1534891829,CoincidenceTheorist,chickyrogue,VENEZUELA MEGA 7.3 EARTHQUAKE STRIKES NORTH COAST
1534891829,AskOuija,tracer-is-my-daddy,"No, don't do it, im a ______"
1534891829,okdemocrats,programwitch,Trump Campaign Chairman Found Guilty of Multiple Crimes #okdemocrats
1534891827,selfimprovement,Hihihihihaha123,I had an epiphany today
1534891827,joi,linksoles,\u0250\u0273\u0256\u020b l\u0250\u0273\u0256 collection (edging/countdown/dildo bj)
1534891826,PUBGXboxOne,jacxb,Is anyone else having this issue since the new update?
1534891826,anemortalkid,AutoModerator,4 Hourly, Today's date is - 08/21/18 16:50:26 -0600
1534891826,Gonewild18,MyTabooSecrets,18 [f] and curious about you
1534891826,bigdickproblems,gbd23,Bespoke fitting
1534891826,DisneyWorldResorts,ChrisPBacon989,WDW Hotel debate
1534891825,exmormon,Notyour5thWife,Today is my six year anniversary of being excommunicated for being raped.
1534891825,Phoenix_2,Jarod_Ames,I took the 50,000 credit offer, these are my ships, what should I do with all this money?
1534891825,RedditLaqueristas,Madd-i,So proud of how long my babies have gotten. Doesn\u2019t a fresh coat just make you feel brand new?
1534891825,Caribbean,bajanstep,7.3 Magnitude Earthquakes of the coast of Venezuela felt all over the Caribbean
1534891825,playarkservers,Cotwry,Arkheologist - 6 Server cluster PvPvE 10X
1534891825,memes,DigitalShark5,What's going on here?!
1534891825,VietNam,Jpodlaski,Mass Protests Sweep Vietnam for the First Time in Decades
1534891824,u_TtestoStack,TtestoStack,Keto Labs Diet \u2013 Burn Excess Calories &amp; Get Impressive Figure!
1534891824,powerbuilding,dexxflex,Instagram Follow
1534891824,Tipper,0ut1awed,Tipper Bisco set?
1534891824,summonerswar,GotLaima,suggestion: if you ever cleared toa once, next reset you only have to do the boss stages
1534891824,AskEngineers,michsull32,Timer Circuit Using TPL5111 and N-Channel FET
1534891824,TheTwitterFeed,thefeedbot,@ezralevant: RT @TheRebelTV: EXCLUSIVE! Liberals to spend $25K on Facebook \u201cchatbot\u201d to scare kids about climate change: @SheilaGunnReid \u2014 https://t.co/FWr12BwiyL | #cdnpoli #cpc18 #tcot https://t.co/Gq9VLICI8y
1534891824,gardening,misterpippy,I just saw my first hummingbird in my garden ever! I didn\u2019t realize they lived around here because even as a kid I\u2019ve only seen them in the forest. It was so exciting! It was visiting my superbells. What are your favorite attractors?
1534891824,PHILLYauto,AutoNewsAdmin,[Sports] - Boxers Danny Garcia, Shawn Porter discuss upcoming fight
1534891823,furry_irl,SlightlyBiFox,Furry_IRL
1534891823,AgeplayPenPals,Doodle4Noodle,[F4m] The Boss' Son
1534891823,AskReddit,morandaho,How can a small female defend herself if pepper spray is illegal?
1534891823,humanresources,photoapple,Labor Law Poster Recommendations
1534891823,Firearms,calitokush,Best Protection Tools
1534891822,cscareerquestions,swg3hnna,Does your university matter for startups?
1534891822,forbiddensnacks,Mangalad0r,Forbidden cheesecake (30 year old dried paint)
1534891822,SeattleTransparency,Kigurumix,Removed: submission by /u/thtrlytallwhitedude to /r/Seattle
1534891822,AskReddit,Dangsta_03,What SubReddit should you avoid at all costs?
1534891821,technology,mbhound_,Parallels Desktop 14 is available now for Mac, and it includes Mojave support
1534891821,malehairadvice,complainorexplain,Thinning a lot lately. Any hairstyle recommendations?
1534891821,OldSchoolCool,Im_Big_In_Japants,Demi Moore in penthouse 1981 (nsfw)
1534891821,funny,higgsparticles,This cheese has some balls
1534891821,TownofSalemgame,greyest,When you don't know what to write in your will...
1534891821,The_GreatAwakening,wildfireonvenus,Tom Fitton Judicial Watch - Unimpressed by Cohen plea deal to campaign finance violations that are not crimes. Shut it down.
1534891820,changemyview,MonoWill2,CMV: Twitter should allow people to say whatever they want
1534891820,StarWarsBattlefront,awfryer,2nd place with 1 kill 1 death on kashyyyk. Playing the objective gets u stupid points *cough cough*
1534891820,CryptoCluster,naifyboy,Premier League clubs trial cryptocurrency as experts predict bitcoins will replace sterling in transfer industry
1534891819,MusicBattlestations,jaenesse,My \u2018humble abode\u2019
1534891819,gonewild,vernier88,I want to split you in two
1534891819,ladybonersgw,xthrowingitallawayx,It was a long day. Send me something to cheer me up.
1534891819,losangelespersonals,PERSONALS_MOD,27 [M4M] #losangeles - chill asian bro looking for same
1534891818,communism,simiteater,Show support for your comrades! (Montreal, August 2018)
1534891818,u_SkinnyCanine,SkinnyCanine,Ye
1534891818,driving,VariousTypesOfSoups,Going for my road test tomorrow, anything I should know?
1534891818,todayilearned,smortgoy,TIL that the first animals to orbit the moon were a pair of Russian Tortoises
1534891818,Showerthoughts,Eldersh,Immersing yourself in a website like Reddit when you're bored is like entering the Matrix.
1534891818,forexhome,ForexAsk,Venezuela to begin forex auctions on Tuesday, Maduro says
1534891818,PUBGXboxOne,andrewwjay,Looking to move from phone to Xbox...
1534891817,Fantasy_Football,LemmeSeeThemTits,Where to draft in my 8 man league?
1534891817,WritingPrompts,dwightkilledthecat,[WP] You\u2019re rereading one of your favorite books. However, when you get to the end, you\u2019re bewildered. It\u2019s not the same ending you\u2019ve read 100 times before.
1534891817,tmobile,pdxmark77,Ars Technica: Verizon throttled fire department\u2019s \u201cunlimited\u201d data during Calif. wildfire.
1534891817,SoCalR4R,bruinbro90095,27 [M4M] #losangeles - chill asian bro looking for same
1534891817,gastricsleeve,yeronmylastnerve,Does anyone BCBS Alabama? Please Halp! Xpost/wls
1534891817,forexhome,ForexAsk,Forex- Trump\u2019s Fed Comments Continue to Weigh on Dollar
1534891817,me_irl,davidstickman,me_irl
1534891816,forexhome,ForexAsk,Forex - Dollar Downward Spiral Continues as Trump Blasts Powell's Rate Hikes
1534891816,u_ccoutreach87,ccoutreach87,boat 4
1534891816,DarlingInTheFranxx,M14xi_sean,So cute we need a season 2
1534891816,listentothis,crookedcusp,Youssou N'Dour - My Daughter [Mbalax] (1987)
1534891816,FreshGIF,TerrorKingSalmon,Asian MILF Spreading Her Legs
1534891816,AskHistorians,njones19,When did wearing socks become commonplace?
1534891816,shittyfoodporn,Goodman9215,Baby cucumber and gherkin julienne, with salami and smoked wafer ham, baby lettuce and hot garlic chutney wrap
1534891816,wow,MechaMineko,I have no teeth and I must scream
1534891816,forexhome,ForexAsk,The Benefits of Using a Forex Demo Account
1534891816,google,donmerendolo,Odd ads in the result page
1534891815,AnimalsBeingJerks,ImaginingDragon,Whale soaks a boat full of people.
1534891815,forexhome,ForexAsk,FOREX-Fed criticism drives dollar to eight-week low against yen
1534891815,MaddenUltimateTeam,bognolious,Whilst Sniping
1534891815,GetMoreViewsYT,Midn8ght1,Tank and ADC Meta back? Patch 8.16 champions analysis League of legends
1534891815,DrDisrespectLive,ODA157,Doc has checked out.
1534891815,RepLadies,lilminabear,[Reference] Gucci Re(belle) Medium
1534891815,dankmemes,FPS_Goon,In loving memory of Robbie Rotten
1534891815,MassiveCock,Disposable3437,Standing at attention
1534891815,forexhome,ForexAsk,Forex today: dollar bleed turns into hemorrhaging, loses the 96 handle on Trump's criticism of the Fed
1534891814,UpvengersInitiative,OmniRob,Upvenger Time, C'mon grab your friends, We're going to very distant lands. With Jake the Dog and Finn the User, The fun will never end, it's Upvenger Time!
1534891814,DiagnoseMe,ainmusaideora1,Moped Accident 2 weeks Ago, Knees still hurt
1534891814,NYKnicks,Mendoza1906,Going to be doing a video discussion tomorrow and looking for some interesting topics to talk about?
1534891814,forexhome,ForexAsk,Forex Traders Spooked By Trump's Fed Comments: 5 Things The Global Markets Are Talking About Today
1534891814,walmart,BruceCampbellsSoup,Question about payday
1534891813,gardening,Lizalfos13,Top of okra leaf. Have found what look like bright yellow and clear eggs on the underside of many leaves.
1534891813,Repsneakers,PixelMiner122,[W2C] Toro Bravo 4s?
1534891813,forexhome,ForexAsk,AUD/USD Forex Technical Analysis \u2013 Sellers Likely to Show Up on Test of .7343 to .7376
1534891813,pokemongo,cdanigc,[Idea] What if lucky eggs increase the chances of getting lucky pok\xe9mon from trading?
1534891813,FellowKids,Ashtoooo,This was in my schools elementary building.
1534891813,AskScienceFiction,V2_icarus,[Star Wars] If Sidious ordered Vader to go back in time and kill Padme, would he do it?
1534891813,unremovable,unremovable,Turkey mulls bill on jailing parents up to 2 years for refusing to vaccinate children
1534891812,cleavage,RebecaRebeccae,Showing cleavage in my school girl outfit
1534891812,politics,AndiFoxxx,Trump Calls Manafort Conviction 'A Disgrace'
1534891812,stevenuniverse,Olmo-C,My idea of the colossal diamond fusion
1534891812,Nikon,youRFate,Golden Eagle, D7200, tamron 70-200 2.8 g2 at 195mm, f/5.6, 1/6000s, iso 720.
1534891812,forexhome,ForexAsk,What forex shows about the highs and lows of 2017/18
1534891812,dirtyr4r,pushingqueen66,25 [F4A] The Prego Queen
1534891812,dirtyr4r,YoungLatinoTeen619,19 [M4F] Vid chat with a young Latino cock ?
1534891812,londonontario,ghostops117,Our firefighters are top notch
1534891811,forexhome,ForexAsk,Forex - Dollar Slips After Trump Disagrees with Fed\u2019s Decision to Raise Rates
1534891810,forexhome,ForexAsk,Forex Today: US dollar bears tighten grip in Asia, UK data eyed
1534891810,mealtimevideos,TheAlexHunter,Guardians of the Galaxy: Learning to Share Pain (Video Essay) [8:27]
1534891810,penis,jhvlx,Haven't posted in a while. 18 dms open
1534891810,DrawMeNSFW,eridiumprincess,First post, would love to be drawn :)
1534891810,dating_advice,Scrubbadubdoug,I don't know how I should approach a girl at my work who's just as nervous as me.
1534891810,vermont,DAMAGEDprose,Sitting on the back porch.
1534891810,pcmasterrace,lolfacey,What do you guys use your second monitor for?
1534891809,FORTnITE,RedVoyager,Has the outlanders loot llama fragment been nerfed?
1534891809,pathofexile,FORTNlT3,Last released Delve unique be like (Candle HAT)!
1534891809,alexa,Sharky801,Only plays Spotify on shuffle?
1534891808,FortNiteBR,Shawn-Sheepy,new fortnite merch
1534891808,Jokes,Lucky_Donkey,What's the difference between a centaur and a teacher?
1534891808,news,ShrpSword,Church of Horror - Sins Of The World - Past 5 Days
1534891808,dirtykikpals,tokolan,30 [M4R] If you want to speak to a sub Im here for you (traps, pegging, sph kinks)
1534891807,rust,asedentarymigration,Is it possible to extract the internal value of a wrapping type?
1534891807,newsbotMARKET,-en-,@FortuneMagazine: SoftBank leads $300 million funding round for rental car company Getaround https://t.co/EPHjm0OD1I
1534891807,synthesizers,bigkingfrog,I need some help with MIDI
1534891807,travelpartners,seanrsettle,[Europe]
1534891807,ftm,haz_atlantis,Uni introductions and possibly starting therapy?
1534891806,RocketLeagueExchange,AcTive-ViPeRzZ29,PS4
1534891806,lightshope,broderbolle,Am I banned from typing in generalchat if I cant /1?
1534891806,CatsInSinks,Tap38120,Beware! There\u2019s a monster in the sink!
1534891806,Ice_Poseidon,src2864,3BZ con
1534891806,knifeclub,toxiclimeade,Did anyone else see Kershaw's new proprietary disassembly tool?
1534891806,Braves,mrfantastic4_,Figured my fellow Braves fans would enjoy this!
1534891805,asktransgender,MidnightJams,Little Pieces of Evidence from the Past
1534891805,Guitar,tcperfectcircle,[Question] How often do you grab a new pick?
1534891805,dirtypenpals,dirtythrowaway114,[M4F] My Mountain Wife
1534891805,gaming,jjtru,When you make your security question when you were 10
1534891804,mlb,viatger,Oakland was fun this past weekend
1534891804,SteamTradingCards,ofadep197x,2000+ Sets | 23:1 CSGO
1534891804,raimimemes,RipSparxx,When you ask your parents for the 4k Holy Trinity for your birthday but they get you TASM instead and you don't want to hurt their feelings
1534891804,dankmemes,5or6_somolianpirates,Let's pour one out for our fallen brother. Rest In Peace Stefan.
1534891804,inthenews,jlevnhv,Propaganda at work: Fox News main headline not Manafort or Cohen, but suspected "illegal immigrnat" who might have killed a white woman
1534891804,VOXEL,Anactualsalad,Voxel Enter The Gungeon enemies
1534891804,twentyonepilots,BlurryEcho,Anyone else really bothered by NatN in that VMA music video?
1534891803,vzla,Scholes_SC2,Saben si hubo p\xe9rdidas humanas o materiales como consecuencia del temblor?
1534891803,VerifiedFeet,Sole_Kitty,No Doubts Left Now \U0001f618\U0001f478\U0001f3fb
1534891803,Petioles,humanheir,Break Confliction | Day 92
1534891803,antiMLM,elrakk,Quit being a negative Nancy! Kill THAAA thang!
1534891803,DonaldTrumpWhiteHouse,pushshift_bot,Trump's longtime lawyer Michael Cohen has surrendered to FBI as he prepares to plead guilty in federal investigation
1534891802,Amaro,Moxely,New toys! L.N. Mattei and Mancini Bianco
1534891802,nottheonion,WarOfNoise,Healthline says, using the medical term 'vagina' is not gender-inclusive language, uses 'front hole' instead
1534891802,funny,RapTVCalifornia,Make the best out of a bad situation
1534891802,hearthstone,the_lost_isles,You can only deal 23 damage... Right?
1534891802,AskReddit,Poontangbreastmilk,What\u2019s your worst \u2018My Landlord sucks\u2019 story?
1534891801,feet,Pinkys_Feet,Feet up!
1534891801,niceguys,PopeClarence,Sadly Stefan Karl has passed away as of 20th of August. He showed that we are no. 1. He was truly a nice guy
1534891801,GIFgonewild,Lordloldemort24,My big ass girlfriend taking my whole dick in her tight pussy
1534891801,COMPLETEANARCHY,EagleRed73,Reminder: Who\u2019s the worst politically? Liberals!
1534891801,AskReddit,UltimateNintendoHero,What is the first thing to do on the first day of school?
1534891801,apple,fattiwhale,Looks like a mac wallpaper.
1534891800,PFSENSE,AveryFreeman,pfSense: 10Gbe using x99 or c612 motherboard and i7-6800k ?
1534891800,vape_deals,SubliciousJuice,Time for $15 120MLS use code "Wednesday" at checkout, free shipping on all orders over $30. Valid until 11:59 PM EST 8/22/18
1534891800,mycology,tetrispig,Compost mushrooms
1534891800,skyrimmods,Adamaro23,Winter in Skyrim with Riften trees?
1534891800,ThisIsOurMusic,Avelina9X,[Dubstep] Avelina - Hecate
1534891799,WWEChampions,NathanJacobs2wwe,\u201cMatching teams\u201d
1534891799,AnalogCommunity,epiclapser,Weird focusing screen question
1534891799,democrats,thow78,Like fine wine...
1534891799,flatpuppy,ANGRY_PAT,She couldn\u2019t get more flat if she tried. Say hello to Bella.
1534891798,IncreasinglyVerbose,TheDigileet,We are number one
1534891798,GirlswithGlasses,bunnicorn17,Ready to Obey
1534891798,u_Daniel2193YT,Daniel2193YT,20\u20ac - 75% = 0\u20ac???
1534891798,u_xXAxiomVergeXx,xXAxiomVergeXx,Android Modding
1534891797,aww,synapticimpact,Be careful, little one!
1534891797,friendsafari,Dat_Boi_Rysn,I would like to know what my fs is Adding everyone
1534891797,ArtHistory,thelegalpalette,Seurat\u2019s Poseuses &amp; a model's right to privacy
1534891797,RocketLeagueExchange,konradtemlitz,[PS4] [H] 6 keys and 1 PCC [W] Crimson Infinium
1534891796,AskReddit,jv-tplo,Is there any subreddit similar to r/wolveswithwatermelons? (animals doing something random)
1534891796,halloween,turki1991,My new halloween T-shirt amazon. https://www.amazon.com/dp/B07GLNQ74B
1534891796,u_smithysarah15,smithysarah15,Tall Redwood Tree Near Where I Live
1534891795,legaladvice,hooklinensinkr,[Canada] Pipe burst inside boiler room of condo building causing $2500 of floor/wall damage to adjacent unit. Is building or tenant responsible for the $500 insurance deductible?
1534891795,ecig_vendors,SubliciousJuice,Time for $15 120MLS use code "Wednesday" at checkout, free shipping on all orders over $30. Valid until 11:59 PM EST 8/22/18
1534891795,Overwatch,Brasputin,[Zen/Flex] Come and chat, going for Plat!! [Comp stream]
1534891794,gonewild,Ciaraissojun,[F] 19 So Close
1534891794,XXXTENTACION,yung_gravy1,Did anybody ever actually figure out what the golden beetle was? Cause I finally got someone who was involved in it to respond to my dm\u2019s and I got no luck. I forgot about the countdown before it expired and it would appear the @TheGoldenBeetle has deactivated.
1534891794,memes,mudy11,He was truly number 1. Rip legend.
1534891794,milliondollarextreme,trouserlegend,Risk of Rain 2 Teaser Trailer
1534891794,Animemes,Da7mX,Praise the almighty lord
1534891794,okbuddyretard,Grey-Silhouette,can the other homys relate
1534891794,teenagersnew,BabyPullMeKlose,i love my parents so fucking much but i rlly dont wanna see their faces again idk
1534891794,BlueMidterm2018,dkaplan930,Sabato moves CA50 all the way to LEAN R
1534891794,OSHA,dontfknatme,No Step on Snek
1534891793,me_irl,Camster9000,Me_irl
1534891793,trees,myaccount4gettinhigh,New shirt I ordered just arrived. Pardon the bad photo editing. \U0001f602
1534891793,asktransgender,imjms737,My MtF sister (30) attempted suicide last night, but is recovering now. How can I best support her?
1534891792,hiphopheads,Doc_Wolf,F Cancer - Young Thug ft Quavo (RIP STEFAN KARL STEFANSSON)
1534891792,DnD,Diego2112Gaming,Utility Magic Items?
1534891792,realsexymilf,ACNJ4fun,Asian milf of 3
1534891792,TalesFromRetail,PoolAddict41,Attitude Is Everything
1534891791,u_kalesaladh,kalesaladh,Burning two bags of stuffed animals: part 2
1534891791,WormFanfic,rhydeble,Hunter of Light is finally complete
1534891791,B_Cups,ILikeMakingPornGifs,Natasha White spreading.
1534891791,BestOfVapeDeals,SubliciousJuice,Time for $15 120MLS use code "Wednesday" at checkout, free shipping on all orders over $30. Valid until 11:59 PM EST 8/22/18
1534891790,INLOCK,KangPaul,Spending to solve sependability problem
1534891790,electronic_cigarette,StefanDidak,https://www.cnn.com/2018/08/21/politics/duncan-hunter-campaign-charges/index.html
1534891790,dankmemes,VG_Crimson,Just a badass pic of number one
1534891790,postanything,TimmysMathTeacher,Lol
1534891790,absolver,Tibs42,Remapping Keys !?
1534891789,NudityReviews,poafke,Review: The Rover [play in NYC], featuring multiple nude actresses throughout
1534891789,CPTSD,Wakka_Grand_Wizard,That feeling of laughter with deep seeded sadness
1534891789,FortNiteBR,Andrepuhh28,Season 5 to Season 6 Theory
1534891789,StarWars,PhantomPt2,I found this Clone Wars watch I had as a kid!!! Any of y'all remember having it? It came in a nice decorative wood box with a similar image on the lid
1534891788,QuakeChampions,QuakeAccount,When is a game "released"?
1534891788,BorderCollie,najjar22,Looking for some fish to herd
1534891788,YouTubeLounge,Joshster_YT,HOW TO DO THE DELE ALLI CHALLENGE *SUPER EASY* (SKIT)
1534891788,dragonballfighterz,Nescatino,My low-level gameplay Android 21 1v3 comeback that I'm really proud of
1534891788,The_Donald,TheFrontierzman,BRIGADING ALERT!!! They have come here to flood our dom with saltwater. What do we do, fam?
1534891788,vegan,Slav3_Edgeeww,I always thought that the veganism meme was just that. A meme. Ya\u2019ll mental
1534891788,Showerthoughts,voyagerfan5761,Most household appliances are just glorified heat pumps
1534891788,hmmm,AmiriteClyde,hmmm
1534891787,Redskins,gp_3eb,Am I the only one who thinks the AP signing is terrible for the team culture?
1534891787,memes,icegoalie35,RIP LEGEND NO.1 \u261d
1534891787,FortNiteBR,JaywellP,Thought that some of you may enjoy my new wallpaper. Don't worry, it was a headshot ;)
1534891787,Jokes,Nice_Clickbait_mate,Surimi must have the lowest self-esteem of all fish.
1534891787,iamverysmart,UnicornzPower,Found this paragraph gore on Instagram
1534891787,FortNiteBR,Thicc_Kev,Introduce a mounted slingshot! Pick it up in your trap space and set it down on one of your massive forts. Finally be able to utilize your grenades, stink bombs and impulse grandes from distance.
1534891787,gaming,Lombardo3,League of Stickman OL(Dreamsky) Hack Rubasse iOS/Android
1534891787,NoMansSkyTheGame,blakespot,Peering skyward, watching attack ships on fire off the shoulder of Orion
1534891787,Ice_Poseidon,Jayo-o,Is ice streaming today?
1534891786,Twitch_Startup,soldierboy205,[LFV] [F4F] Going Live on Twitch at 7:15
1534891786,ico,HuobiCanadaCampaign,Bonus for new trading users on Huobi
1534891785,TruthLeaks,chickyrogue,VENEZUELA MEGA 7.3 EARTHQUAKE STRIKES NORTH COAST
1534891785,uselessredcircle,ConnorFroMan,if you can\u2019t see, it\u2019s circled at the bottom
1534891785,EatCheapAndHealthy,zane121298,Is whole milk or 1% milk healthy for us?
1534891785,keto,yellow_o,I\u2019m tempted
1534891784,jobs,throwthismugaway,My company is screwing people
1534891784,jailbreak,OaklandGr,Tweak to add/copy multiple things to my clipboard
1534891784,legaladvice,whitepower2359,My best friend abducted, tortured, and killed 2 children with Down\u2019s Syndrome. He is facing the death penalty. What can I do to help?
1534891783,TheColorIsBlue,bluethecoloris,Hanna Mina, Syrian Novelist Who Chronicled the Poor, Dies at 94
1534891783,osugame,beattraxx,Beast enjoying the big black ( \u0361\xb0 \u035c\u0296 \u0361\xb0)
1534891783,namethatcar,hystericalhelix,Challenge #53
1534891783,BeautyBoxes,chantillylace9,What are your current subscriptions, listed in order by favorites?
1534891783,TheColorIsBlue,bluethecoloris,Strong Quake Strikes in Northeastern Venezuela
1534891782,dndnext,dmjr333,Trying to remember a class feature
1534891782,gratefuldead,-sparklybongwater,Rough sketch of Bertha + some lavender, mushrooms, crystals, poppies, &amp; some other plants
1534891782,TheColorIsBlue,bluethecoloris,Michael Cohen, Paul Manafort, Trump: Your Tuesday Evening Briefing
1534891782,u_Toya05,Toya05,NCAAF  2018 Live  
1534891782,NoSillySuffix,RPBot,[Car] Lamborghini Veneno
1534891782,Firearms,BlarnsballPro,The Democratic People's Republic of New Jersey has allowed the lowly serf to be able to defend themselves, as reasonably dictated within the confines of the law, subject to change by Supreme Leader Phil Murphy.
1534891781,blackops3,ssniiperr,Help me fix my ping
1534891781,TheColorIsBlue,bluethecoloris,Asia Argento Scandal Makes for Open Season on #MeToo in Italy
1534891781,BeatsNRhymes,rauakbar,Blame one- 44 Barz- Life's work
1534891781,dankmemes,Honorato_,Something wrong, I hold my head...
1534891781,hardware,jrruser,Overclocked Dual-Epyc CPUs with Der8auer (Ft. Lots of Shade)
1534891781,UnsentLetters,KKillingMyselfSlowly,To the one I cannot have
1534891780,FortNiteBR,swagmar4522,Fortnite Drift mask in real life
1534891780,disneyvacation,OhItsBrian,How to make sure your cups are vegan
1534891780,rimjob_steve,tcchapman,Respecting your elders
1534891780,The_Donald,JoeMamasArmy,Just arrived today! Ordered it from my Father-in-law to commemorate my tax cut.
1534891780,meirl,RequiemPlatinum,Me irl
1534891780,dataisbeautiful,aredmond33,[OC] Substance Abuse Among Healthcare Professionals (1999-2017)
1534891780,nevertellmetheodds,gurthlordxd,On the Road!
1534891779,politics,Dizagaox,Congressman Duncan Hunter, wife charged with spending campaign money on personal expenses
1534891779,memes,goosesrh,When people be like "OMG IS STEFAN REALLY DEAD?!" \U0001f631\U0001f631
1534891779,lewronggeneration,Milky_Sword_Lady,Yeah, fuck entertainment! Scribbling\u2019s the shit!
1534891779,Rainbow6,BadBeast21,I was watching netflix..
1534891779,BigBoobsGW,goodkittyloves,VERIFICATION My new man requested I show off for Titty Tuesday \U0001f618
1534891779,AskReddit,LaLechuga94,What\u2019s something you learned about your vehicle years into owning it?
1534891779,ImaginaryMonsters,DoctorRotwang,NSFW Rembrandt Shub Niggurath. 3rd of my Lovecraft series
1534891779,Destiny6Global,dayminkaynin,Join the guild Nelgardians
1534891779,lotr,mjd1125,Best book for Tolkien's artwork
1534891778,CSRRacing2,XantrX_TheOriginal,Questions about Wildcards...
1534891778,swift,mrsTroybolton,Question regarding the use of static variables in instance methods - App Development With Swift
1534891778,mintmobile,Dcajunpimp,Prepaid T-Mobile to Mint
1534891778,thebritishelites,TBEJungleBot,Recent events for: Junglebiscui - 72000000XP in Invention
1534891778,CatsBeingCats,yeerk_slayer,She prefers rainwater over tap. She keeps trying to drink from this 'oversized water bowl'
1534891777,AlixLynx,alixlynxofficial,opening dms as a female:
1534891777,pics,waslit,Driving home from work. Somebody must have called them
1534891777,POLITIC,ultimaregem,In the Western world, we tend to justify centralized superstates because they\u2019re ostensibly based on democracy, but this doesn\u2019t hold water for a variety of reasons.
1534891777,AppNana,F0rbid93,m26069510
1534891777,Random_Acts_Of_Pizza,cultomo,[Request] Too late at night for any shops to be open... except pizza places
1534891777,LifeProTips,Chris-L-Brooks,LTP: how to secure intellectual property in the form of phone app ideas and proof of conceptual format from theft?
1534891776,askscience,Envisionaries,You can lick a 9 volt battery and get a little zap, but why dont you feel anything if you lick a charging cable for an iPhone?
1534891776,GaySnapchat,Yoshis-Reddit,Searching a daddy
1534891776,JizzedToThis,alir123,Just came for that ass
1534891776,TownofSalemgame,Franco304,An average Ranked Practice game
1534891776,MTSU,austinswinny,MTSU Rocket League Team
1534891776,hampan,talvi__,\u041d\u0435\u0444\u0442\u044f\u043d\u0430\u044f \u0441\u0432\u0435\u0440\u0445\u0434\u0435\u0440\u0436\u0430\u0432\u0430 [\u041f\u0435\u0440\u043b\u043e\u0432\u043a\u0430]
1534891775,wine,ahairshirtofpurpose,Best DOC/AOC/&lt;insert wine region here&gt; names and stories. Post 'em here.
1534891775,EnterTheGungeon,magjag2,what do you think are the most fun items and guns to use?
1534891775,OnlineShoppingMomma,dorthakay3,Giveaway - Mickey Mouse Roadster Racers Birthday Set - Facebook
1534891775,Fuckthealtright,thow78,Like fine wine...
1534891775,iamatotalpieceofshit,Jordan-B56,Thought this belonged here too.
1534891774,FortNiteBR,TheUnknownD,Bring this back when it's Halloween! We're in Season 5, Why not make the menu go back in time?
1534891774,dirtyr4r,PM_me_them_tittiesyo,30 [M4F] Seattle blowjob for Mariners tickets
1534891774,YGOFeedback,novalyfe,Novalyfe Feedback
1534891774,pokemon,FlexibleOW,Where to find Pok\xe9mon Sun and Moon Episode 44 and Beyond? (QUESTION)
1534891774,LATIMESauto,AutoNewsAdmin,[Entertainment] - 'Rough Night' stuntwoman sues studio over watercraft accident
1534891774,u_kalesaladh,kalesaladh,burning two bags of stuffed animals: part 1
1534891774,Fallout,Kiem3,What\u2019s the situation with unique weapons in Fallout 76
1534891774,CarFans,RPBot,Lamborghini Veneno
1534891774,wow,lam000,Disenchanting question
1534891774,me_irl,Alex186,me\U0001f622irl
1534891773,fakehistoryporn,Sagers79,Hurricane Lane floods Hawaii (2018 colorized)
1534891773,YouTubeSubscribeBoost,everettbr1,Prince Ali!
1534891773,h1z1,produdelive,jace hall new vid, ps3 confirmed?
1534891773,news,IDUnavailable,Congressman Duncan Hunter, wife charged with spending campaign money on personal expenses
1534891773,MagicArena,Player13,Silver 4 player getting matched consistently against Gold 1-3
1534891772,TwoXChromosomes,vvjett,Should I tell a girl I don\u2019t know that her boyfriend propositioned me?
1534891772,pokemongotrades,SkepticalSheep,Celebi quest friends?
1534891772,Rainbow6,StubbbsMcGee,Hey guys, what was your most toxic experience in Siege?
1534891772,Showerthoughts,Erratic_Professional,We will never know if the person screaming that they are from the future on the street is actually from the future or mad as a box of frogs.
1534891772,FRANCE24auto,AutoNewsAdmin,[NA] - Former Trump lawyer Cohen pleads guilty to campaign violations
1534891772,steelseries,atyai,Stratus for iOS - controls not working
1534891772,Underwear,molly-highview,lounging \u263a\ufe0f
1534891772,PewdiepieSubmissions,GodlyDMRWolf,Sees a tic toc video on instagram
1534891772,anime_irl,Kinshiba,anime_irl
1534891772,wowguilds,Ploxcee,Mal Ganis Horde US late night sun/tues/wed
1534891771,gentlemanboners,gotfannorthofthewall,Emilia Clarke dancing
1534891771,veganrecipes,_peachykeeny,Vegan Appetizers?
1534891771,hearthstone,JackC747,Just what you want to see :/
1534891771,splatoon,DaDerpDoctor,I shall spread the memes into here. Rip Stefan Karl... Aka, Robbie Rotten.
1534891770,The_Donald,Greg-2012,Mollie Tibbetts case: Man in country illegally charged with murder, police say
1534891770,Laserlike_Hodgepodge,laserlikebot,More Airlines Say Goodbye to the Boeing 747 Jumbo Jet \u2013 FlyerTalk
1534891770,pcgaming,trapnexX,The Shadow of The Tomb Raider - New Game Plus Mode - all Paths ( explained)
1534891770,virtualreality,mlkrun,When it will be possible having wireless headset?
1534891770,gaming,Havoccity,Overwatch-Why Worry
1534891769,MomorDaughter,Y00thTeam_Perv,Freshly 18 daughter or Mom?
1534891769,u_dvu50170,dvu50170,\uc11c\uc6b8\ucf5c\uac78\u300a\uce74\ud1a1ACE68 \u300b\uc11c\uc6b8\ucf5c\uac78\uc0f5\u30ce\u300eACE75, NET\u300f\uc11c\uc6b8\ucd9c\uc7a5\uc0f5H\uc678\uad6d\uc778\ucd9c\uc7a5\ub9cc\ub0a8\u30f4B\uc5ec\ub300\uc0dd\ucd9c\uc7a5\uc548\ub9c8\u30f4H\uc11c\uc6b8\ucd9c\uc7a5\uc5c5\uc18c\u30f4\uc11c\uc6b8\ucd9c\uc7a5\uc0f5\ucd94\ucc9c\u30f4\uc11c\uc6b8\ubaa8\ud154\ucd9c\uc7a5\uc11c\ube44\uc2a4H\uc77c\ubcf8\uc778\ucd9c\uc7a5\ub9cc\ub0a8\uac15\ucd94hhh
1534891769,buildapcforme,GingerbreadI,$2000-$2300NZD Gaming/schoolwork build
1534891769,Spintires,6288matt,Issue using controller on pc with mudrunner.
1534891769,AnaMains,jacob5978,Amigurumi Ana my fianc\xe9e made for my birthday.
1534891769,Paladins,SunshineWongster,The new update resets the daily reward bonus?
1534891769,ChapoTrapHouse,Serocco,Duncan Hunter was indicted for corruption, and his opponent this year is a Justice Democrat named Ammar Campa-Najjar
1534891768,OWNetwork,OWNetworkBot,When you lose the game and your teammates give you shot caller. by WoahBroCoolYourTats in Overwatch_Memes
1534891768,teenagersnew,fourbby,should i follow request a cute guy from my history class on instagram
1534891768,u_SrewolfTV,SrewolfTV,XBOX SCRIM DISCORD for some reason the link got unlinked so here we go again
1534891768,AirForce,Stickkzz,PTDY Rule - Lasik/PRK - Chaperon/Escort
1534891768,customhearthstone,Turn3r2255,Hate getting pickpocketed? Dislike 2/4 taunts? What about 2 mana Whirlwinds?
1534891768,sousvide,LexiiConn,Anova: How can I set the temperature without phone
1534891768,oculus,marshalcure,Question for Vr enthusiast
1534891767,antiMLM,junkfoodmama,How a MK rep ruined a little girls birthday and made everyone cry.
1534891767,CryptoCurrencies,mheals77,Telegraph Crypto Bot
1534891767,Naruto,rhdking12,It just boring
1534891767,TheTwitterFeed,thefeedbot,@ezralevant: RT @TheRebelTV: EXCLUSIVE! Liberals to spend $25K on Facebook \u201cchatbot\u201d to scare kids about climate change: @SheilaGunnReid \u2014 https://t.co/FWr12BwiyL | #cdnpoli #cpc18 #tcot https://t.co/Gq9VLICI8y
1534891766,battlestations,ItsAlwaysReddit,In my middle of redoing my setup(see posts for older pic), so bare in mind it\u2019s a major work in progress. Any suggestions of things you would like to see? I will post another picture at a later date. Much obliged.
1534891766,BetterEveryLoop,lydlunch,\U0001f525 The Arctic Fox, one of the most graceful and majestic animals in the world.
1534891766,AskReddit,mrcub88,Senators Introduce Bill That Would Require State and Local Governments To Use Paper Ballots in an Effort To Secure Elections
1534891766,IBD,janeaustensleftnip,Yeah, literally every single thing I eat
1534891766,VinylReleases,Bradlyeon,[pre-order][11/09] INSOMNIUM - first 4 albums repressed. EU links in coments.
1534891766,DunderMifflin,Ant95ny,"Hurry it up for God's sake... They're gonna run out of Banana Cream!!"
1534891765,DestinyTheGame,RealSuave,Make competitive fun until forsaken
1534891765,TokenCard,smokatokey,Updated road map coming next week!
1534891765,IWantToSuckCock,cinimise,Exercise after work is blow job
1534891765,whatisameem,PM_ME_SSTEAM_KEYS,haha\U0001f44cyes
1534891765,vegas,Mr_Style,Auto insurance rates
1534891765,Memes_Of_The_Dank,AncientProduce,Risky Cat Food
1534891765,UMukhasimAutoNews,Mukhasim,(A) The Dramatic Conclusion to Paul Manafort\u2019s Trial
1534891765,AskReddit,KeyboardFromElbaf,What\u2019s the hardest to mess up food you\u2019ve seen somebody mess up?
1534891765,roadtrip,americantravelgeek,Cleveland Attractions - How To Spend A Weekend In Cleveland
1534891765,PewdiepieSubmissions,harveymc12,\U0001f44c
1534891764,piano,timduch,Dream Keyboard Rig: Wurlitzer Electric Piano, Moog Sub 37 Synth, Hammond sk2 Organ
1534891764,teefies,ds2_birdie,Tiny Toof Tip
1534891764,AutoNewspaper,AutoNewspaperAdmin,[World] - Michael Cohen 'testified under oath that Donald Trump directed him to commit a crime,' lawyer Lanny Davis says | NBC
1534891764,CityPorn,timtamtoosh,Clouds rolling-in over Stinson Beach, Ca (shot from Mt. Tam overlooking the beach) [1000x1250][OC]
1534891764,MannaCurrency,briannastravelblog,Expired referral?
1534891764,badcompany2,Reaper_Bradley,Hi. I got BC2 on pc (Steam) and trying to put my serial key it\u2019s says connection error occurred. Please help.
1534891764,u_jwac101,jwac101,Don\u2019t copyright me plz
1534891764,AutoNewspaper,AutoNewspaperAdmin,[Top Stories] - Stocks making the biggest moves after hours: RRGB, URBN and more | NBC
1534891764,u_RafaelAdv,RafaelAdv,(EP. 1) O Teatro das Tesouras | 1989
1534891764,videos,NewStarMan,Check out the Smash Bros Newcomer meme in this video at 3:50! It's pretty funny.
1534891764,starveio,4our_of_DiAmoNds,Starve.io Is Dying (with evidence)
1534891763,unpopularopinion,aspen56,Mollie Tibbit\u2019s body and murderer found
1534891763,MakeMeSuffer,ChickenNugget734,Roblox Death Sound Remix Compilation
1534891763,AutoNewspaper,AutoNewspaperAdmin,[Health] - Nerve stimulator helps depressed patients | NBC
1534891763,Yogscast,Jamesoc24,Why did Sjin not speak in the forklift challenge?
1534891763,oakdice,royalsilk,swapped 500m rs3 to 07
1534891762,sissykik,Taniceman,Daddy is looking for a sissy or fem boy in nebraska that can host and play with my sissy I have rules pm me for more information
1534891762,worldGlance,trueworldnews,A 92-year-old woman reunited with her son yesterday in North Korea after 68 years apart. They were separated during the Korean War. [/u/Neirdark]
1534891762,TheStrokes,Juiceboxcasab,Could a change in track listing have saved FIOE?
1534891761,btcnewsfeed,eastendtech,Early adopters reaccs only
1534891761,TeamRedditTeams,KingArea,[NA] [Silver+] looking for duo partner
1534891761,australia,LoneHamish31,Adam Bandt on Twitter: \u2018Peter Dutton is the chief organiser of the torture of children. You\u2019ve probably already worked this out, but there is no way I would offer him confidence &amp; supply. It\u2019s time for the people to turf this rotten gov out, especially if it\u2019s led by a human rights abuser.\u2019
1534891761,ClashOfClans,t6yo,Almost max TH11 for sale! [CHEAP]
1534891761,FortNiteBR,DropTopMox,Can we get a show of hands for who would enjoy a Portal Gun in BR?
1534891761,selfies,Anderduds,[Repost because I didn\u2019t say I was 29\U0001f644] Having a Super Tuesday in Alaska. [29]
1534891761,The_Donald,Deplorable_Ruski_Bot,2 IRANIAN SPIES CAUGHT in commiefornia &amp; Charged for Acting as Illegal Agents of the Government of Iran
1534891761,SexStills,ANumberOfChunks,[NSFW] 46197
1534891760,AFL,aditrs,Whose Line Is It Wednesday: Where my hopes for this season were are made up and nothing matters
1534891760,facepalm,Ghonoshyamdas,Just why?
1534891760,smoobypost,dankbob_memepants_,In memeory of Stefan Karl Smoobansson
1534891760,h3h3productions,spurdosparade,This little brat loves watching the live podcast. He's specially interested in the gaygod bit \U0001f346\U0001f346\u26f2\u26f2.
1534891760,AirportFun,Airportfap,Welcome to AirportFun!
1534891759,LATIMESauto,AutoNewsAdmin,[National] - Rep. Duncan Hunter and wife indicted for campaign finance violations
1534891759,brockhampton,sextoymagic,3 gay members???
1534891759,CHICAGOTRIBauto,AutoNewsAdmin,[Sports] - Mike Clark's Chicago-area high school football preseason rankings
1534891759,ContagiousLaughter,RocketSynergy,Saw this on instagram the other day, thought I\u2019d share :)
1534891759,LATIMESauto,AutoNewsAdmin,[National] - Michael Cohen pleads guilty, says he coordinated Stormy Daniels hush money with Trump to influence election
1534891759,awwnverts,synapticimpact,Be careful, little one! (xpost from r/antkeeping)
1534891758,xboxone,TheMotion,Resident Evil 2 Remake Gameplay in 4K on Xbox One - Gamescom 2018
1534891758,Dodgers,Greenmerchant1,What are the highlights to hit up at Dodgers Stadium??
1534891758,Baking,grathie,Ways to transform crumbly cake other than cake pops?
1534891758,pics,streamrip,Google must have gathered enough data on stop signs and storefronts.
1534891758,cocaine,Hodgocinco,Cocaine and alcohol mixed -Drug Test
1534891757,newsbotbot,-en-,@BBCWorld: Facebook gives users trustworthiness score https://t.co/vo48STgpEd
1534891757,gonewild30plus,applesandmelons,Hubby said he wanted to rip this off me - anyone else?
1534891756,dirtypenpals,ShyStraightnLonely,30 [M4f] #NewEngland or anywhere on the internet- I would love to chat with any wives or mothers who happen to be here! Please do shoot me a message!
1534891756,BrittensHair,Uni-tato,What a bird's nest.
1534891756,aww,Areaevolutionn,He's as naughty as he is cute.
1534891756,Grandchase,qeys2,Need help with lineup!
1534891755,HealthAnxiety,oolongstory,What are your coping strategies?
1534891755,PewdiepieSubmissions,HeadGenerelatBroArmy,We need to report this to pew News
1534891755,curledfeetsies,DiceDawson,Ferret feetsie curls.
1534891755,AskReddit,BudoGuyTenkaichi,You have a super awesome robot that'll do pretty much whatever you want, but every time you ask it to do something there's a 0.001% chance that it'll just try to kill you instead: How often do you use it and what do you use it for?
1534891755,RedditSample,UTFO,Malcolm Turnbull fights to hold cabinet together as Dutton hits airwaves \u2013 politics live
1534891755,Fireteams,RedrixWillKillMe,[ps4] LF1M Prestige Leviathan
1534891755,u_Toya05,Toya05,NCAAF  2018 Live  
1534891754,RedditSample,UTFO,\u2018Everybody feels fragile\u2019: Guy Pearce on fame, family pressures and fatherhood at 50
1534891754,linuxquestions,robot381,How and why does my Nvidia dedicated graphics card perform worse than intel integrated?
1534891754,worldpolitics,ultimaregem,In the Western world, we tend to justify centralized superstates because they\u2019re ostensibly based on democracy, but this doesn\u2019t hold water for a variety of reasons.
1534891754,gonewild30plus,Amsterdam-Girl,I'm ready for you..
1534891754,Surface,12-7DN,I just bought a new SB2 I7/16/512gb in France online, and I have 3 questions.
1534891753,EarthquakeFeed,relationshipsucksbot,M 6.7 - 76km E of Lakatoro, Vanuatu
1534891753,videos,YesXplain,When your girlfriend gets kidnapped
1534891753,unknownvideos,TheRealLardin,Michael Jackson - Billie Jean BASS COVER [2929 views]
1534891753,NoFap,UnknownPCMR,Day 10
1534891753,RocketLeague,HYDRA_RL,i was so close, now im div 1 again and afraid of deranking
1534891753,newsbotbot,-en-,@axios: JUST IN: Rep. Duncan Hunter (R-CA), one of Trump's first supporters in Congress, and his wife have been indicted for using $250,000 in campaign money for personal expenses, including an Italian vacation https://t.co/DnpS3cMBMK
1534891752,pyrocynical,Keksmonster31,Probably been done before.
1534891752,OWNetwork,OWNetworkBot,This Zen was hitting my Orisa's Puppy last game, he shouldn't
1534891752,uAlberta,celine_sxm,Parties?
1534891751,dankmemes,mighty_alicorn,Thank you for your service, Stef\xe1n. The countless smiles you put on our faces will never be forgotten.
1534891751,url,hudlerruss0506,Conference Charging Stations
1534891751,lfg,Wisp788,[LFP] [5e] [Homebrew] [Discord] [Online] I need 1-3 players to join an ongoing psychological horror theatre of the mind style campaign on Discord.
1534891751,mbti,poisonivy013,Strengths Finder to MBTI
1534891751,gonewild,no_silence99,Good afternoon (19f)
1534891751,CBD,karebear9,Best vape oil for cartridges?
1534891751,Kenshi,JellyCreeper,Armour/Weapon Changes (Might not make it to the stable branch)
1534891751,ButtsAndBareFeet,Nicscleavage,Okay this is the last one \U0001f648\U0001f440
1534891751,BBCauto,AutoNewsAdmin,[Top Stories] - The Papers: Government in surplus - but pay is squeezed
1534891750,DrDisrespectLive,ASimpleBlacksmith,Titles of the last two songs played on Doc\u2019s stream today?
1534891750,PS4,TheHeroicOnion,How is Fortnite so flawless technically?
1534891750,furry,SexyCato,Looking for commissions
1534891749,Health,gpsupplies,@GPSupplies GP Supplies
1534891749,CretinsoftheNightclub,koozrooz,ABSOLUTELY VILE
1534891749,gonewild,ohellye,I want you to color me blue (f)
1534891749,Bossfight,CrippledSentry,Vomitarus - Dispencer of chocky milk
1534891748,hqtrivia,vLUK3Yv,Can\u2019t cashout?
1534891748,careerguidance,ethan82737,Is a biochemistry degree a degree I could use to be a pharmaceutical scientist, or atleast the correct undergraduate degree
1534891748,StreamCamz,DrunkFuckperson,Watch now: Camilitasu! #Camgirls click to see my show http://bit.ly/2teFa7P http://bit.ly/2whSwPa
1534891748,Repsneakers,ZChaoticLight,[LC] Off White Prestos black sz US 8
1534891748,ApplyingToCollege,musicaltriangle,anyone else sick of app season already
1534891748,feet,EuroBekkah,Found these shoes in the back of my closet \U0001f463
1534891748,CanadianMOMs,MarlyMonster,First HOG distillate experience with recycled pre-filled cart
1534891748,worldnews,gonewsviral,Collins: Kavanaugh sees Roe v. Wade as \u2018settled law\u2019
1534891747,DnD,Weezerfreak,Thoughts on new Unearthed Arcana races?
1534891747,NSFW411,let_s_do_this_again,[Request] Sub for girls with just enough flab on their bodies to make them soft and juicy, but not as chubby as /r/slightlychubby.
1534891746,hiphopheads,kemar7856,[Fresh Album] kids bop 38
1534891746,marvelstudios,Zepanda66,A fan theory says that Cap died at the end of IW when he got punched in the face by Thanos but was revived when Thanos used the time stone to revive Vision, the time stone did seem to affect that entire area...
1534891746,espnyankees,ACYanks,Yankees should get Harper
1534891746,metacanada,Numero34,Remember that time when Trudeau appointed Senators who were affiliated with the Trudeau Foundation and the CBC didn't care to mention that part?
1534891746,fantasyfootball,DreamWeaver8807,Draft ideas?
1534891745,twicemedia,teudungmsm,Penguin Mina trying to fly fly away
1534891745,Guildwars2,CaptainUnusual,Can we finally get the Tarnished Sage hero challenge fixed?
1534891745,liberalgunowners,sparkcat,Judge Robert S. Lasnik Defense Distributed hearing Seattle 21st
1534891745,AskDocs,ProfessorSucc,I\u2019ve been producing a lot of saliva off and on since February, should I look into a tonsillectomy?
1534891745,3d6,Knivvy,Hexblade questions - build and RP questions for 5e
1534891745,Tetris,SapphireBulletBill,Tetris Has Brought Me Into A Downward Spiral of Depression.
1534891744,TIMESINDIAauto,AutoNewsAdmin,[IN] - 'Dawood may have got key aide Jabir arrested in UK'
1534891744,PUBATTLEGROUNDS,BestSniperEu_realone,INSANE SNIPER [YOUTUBE HIGHLIGHTS]
1534891744,Sinemia,bankerman,Worth it at $7.99?
1534891744,worldnews,viralnewsdrift,Nationals Reportedly Trading Daniel Murphy to Cubs, Matt Adams to Cardinals
1534891744,NoStupidQuestions,vechmaster,Can I have a quick laymans rundown of the ranks and positions on a naval ship?
1534891744,EcoNewsNetwork,Kunphen,Trump\u2019s New Climate Plan Will Kill People, According to the Trump Administration
1534891744,NintendoSwitch,TricoMusician,Animal crossing on switch?! I haven\u2019t been on my switch in a couple of weeks and I\u2019ve just seen this? I can\u2019t find anything about it online but why would they show a picture of animals crossing if there\u2019s no news about it?
1534891744,pokemontrades,KRLW890,LF: Fast Ball Exeggcute FT: Rareball breedables
1534891743,AzureLane,CritBit1,Rip in peace
1534891743,PerfectPussy,blomus,Ready for action
1534891743,Innie,Yi-ju,Shaved
1534891743,3Dprinting,eyem_sew_hye,Thin lines along the X
1534891743,sph,wobblanks,Make me feel worthless.
1534891742,ChemicalEngineering,nickdeba,ChemE or CS?
1534891742,Libertarian,ultimaregem,In the Western world, we tend to justify centralized superstates because they\u2019re ostensibly based on democracy, but this doesn\u2019t hold water for a variety of reasons.
1534891742,funhaus,Kaboshi66,Got to play Overwatch with Adam and Bruce!
1534891742,u_sanjeev_reddy,sanjeev_reddy,Facebook Hacked account Recovery Phone Number +1800-307-9891
1534891741,offmychest,papaayaa,I need to talk to someone who\u2019s willing to listen to my story, interact with me, without judging me.
1534891741,fantasyfootball,Case_Study,Best drafting app
1534891741,ChapoTrapHouse,Frantz_Faneto,QAnon is unraveling. Will the suicide cult start growing some balls?
1534891741,sissypersonals,nad_een,Looking for help getting back into being girly
1534891741,EEW,BrainstormBot,\U0001f30f Vanuatu Islands: Earthquake (22:32 UTC, 6.7 Mi from earthquake.usgs.gov)
1534891741,translation,kalebfussa,Unofficial book translations?
1534891741,buildapc,PCGCentipede,Thoughts on this build? It's been a few years since I've done one
1534891741,wearenumberone,BIackfire_,Rest In Peace Stef\xe1n Karl Stef\xe1nsson
1534891741,swanseacity,N900DLS,GOAL!!! Oli Mcburnie 2nd goal v Leeds
1534891741,Earthquakes,BrainstormBot,\U0001f30f Vanuatu Islands: Earthquake (22:32 UTC, 6.7 Mi from earthquake.usgs.gov)
1534891741,dankmemes,realmeneb,Goodbye, Number 1 :'(
1534891741,Ice_Poseidon,CrustyBaguette,Embarassing moment at school
1534891740,hamptonbrandon,mjh333,Just imagine Brandon would still be in jail right now. So this ban means nothing to the militia we already had our minds set that he wasn't coming back until October anyway OmegaLUL. Stay strong TTD
1534891740,postpunk,thevaginalshit,Azra - Marina
1534891740,glasgow,mt2oo8,Ticket Share Success! Thanks to u/malr0b22 for saving me bus fares after work tonight.
1534891740,weezer,rodytherobot,Save the dog
1534891740,ARK,saynomore1988,So what\u2019s the deal?
1534891740,fo76,SireElite,Mutation Idea, what if you could turn Super Mutant?
1534891740,billwurtzmemes,TurboTristan,Me when I realize that my account is locked because of two step verification
1534891740,gundeals,Jax615,Noob question.. what does no cleaning rod mean?
1534891740,BurningMan,ahmarkow,Reporting from Black Rock City
1534891739,dirtypenpals,maturedpp,M4F The Promotion
1534891739,Songwriters,Wachtos,Looking to send this to labels. Do you think it\u2019s ready?
1534891739,NoSillySuffix,RPBot,[Earth] Moraine Lake like you've never seen it before, maybe. ()(OC)
1534891739,ShitLiberalsSay,CentristsAreScum,\u2018Plenty of people tried to create a communist society. Instead they all murdered a bunch of people, faced economic ruin, or were conquered.\u2019
1534891739,HomeImprovement,flying_trashcan,Crawlspace questions
1534891739,NoMansSkyTheGame,M3assasinTC,No mans sky Apollo\u2019s contact crash bug
1534891739,ratemycock,chicagoboyhmu,[25m] any guys my age or under in Chicago want a bj? Straight guys to the front of the line;)
1534891739,Fireteams,Geez089,[PS4] LFG EOW Phase 1 or 2 Prestige
1534891738,MotorcycleLogistics,TK-Squared-LLC,My monthly adventure!
1534891738,mtgfinance,Tezea,more shock hype for the front page, boxes anybody?
1534891737,lifeisstrange,ryo_stryfe,[NO SPOILERS] [LiS S2] Music from Sean's MP3 Player
1534891737,mcservers,bananaxbars,DuckButterMansion [SMP] {McMMO} {1.12.2-1.13} {Dynmap} {Discord} {No Whitelist}
1534891736,antiwork,ItsJohn5542,I'm winning this subreddit
1534891736,gay,GeorgeRobo,Pre - first date advice
1534891736,Ingress,redditpkgo,[Question]Does the November anniversary badge get awarded at the beginning of the double AP event or at the end?
1534891736,gardening,chantingandplanting,Any of you guys tried this out?
1534891736,zerocarb,spikeballer,Organ Sausage Basics?
1534891735,explainlikeimfive,modsarelimpdix,ELI5: why hair gets lighter in the sun, yet skin gets darker...
1534891735,teenagers,legoman5746,Asking out my crush (update)
1534891735,iphonehelp,mobyhex,First Crack at iPhone 6 DIY GPS Fix
1534891735,lakers,dukes97,Lets be honest, Brandon Ingram is getting traded at some point.
1534891735,The_Donald,xXJohnnyZhengXx,I Fuck Wahmen In the Front Hole
1534891735,Jokes,IggyNinja,What do you call a midget who has been abandon by their parents?
1534891735,u_Lightskinanime,Lightskinanime,Julia Ann
1534891735,u_Lightskinanime,Lightskinanime,Anal Just Feels SOOOO Awesome
1534891735,u_Lightskinanime,Lightskinanime,Julia Ann
1534891735,u_Lightskinanime,Lightskinanime,Julia Ann
1534891735,u_Lightskinanime,Lightskinanime,Julia Ann
1534891735,ratemycock,subham_agrl,M20 Honest ratings please
1534891734,languagelearning,allthatilk,My friend found this on a bus in Cornwall. The title seems to be 'Flumburds' and it looks like it might be a song but other than that we're stumped trying to figure out what language it's written in. Anyone else want to try?
1534891734,WWII,ItWasJust_Banter,I finally completed the undead bribe special order \U0001f602
1534891734,memes,MustasimNur,Rest In Peace. You are truly #1.
1534891733,Nationals,AlwaysStaples,Genuine Question: Would Tanner Roark would draw waiver considerations?
1534891733,twentyonepilots,Bittercobra,Don\u2019t know if this has been pointed out.. The TOP x MM has dots at the top of the cover just like the ones being using in the new tweets.
1534891732,Art,theregretfuloldman,Bridge, collage, 40x40
1534891732,teenagersnew,gaypineapplepizza,What is with all the depressing af posts??
1534891732,California_Politics,travadera,[CA-50] San Diego area Rep. Duncan Hunter and wife are indicted for campaign finance violations
1534891732,NeuroFunk,carbolymer,Amoss - In-Reach Guest Mix #39 [58:54]
1534891732,coins,Valdakon,Bought this bad boy at a market for $15. How much is it really worth, and is there a way to possibly clean it a little without damaging it?
1534891732,WhitePeopleTwitter,KyubeyTheSpaceFerret,suspect af
1534891732,plants,MacSteele13,Anybody know what this plant is? One of my kids planted it a few years ago and I can't seem to get rid of it. A buddy of mine said it's called "Wandering Jews", but I'm not about to look up "how to kill Wandering Jews"
1534891732,EarthFans,RPBot,Moraine Lake like you've never seen it before, maybe. ()(OC)
1534891731,ColoradoSprings,skylink,Auto theft suspect killed El Paso County Deputy Micah Flick, shot innocent bystander
1534891731,gambling,MalformedShrub,Sketchy, but amusing (gambling/raffle)
1534891731,succulents,Valhulbert,My Topsy turvy succulents are getting bigger everyday!
1534891731,translator,Alislam1,[Aravic&gt;English] Islamic Article
1534891731,Tools,BeepBeepImASheep023,Cobbled some old pieces to make a 3" combo square for a tight spot
1534891731,Parenting,kaysielee,For the love of god, can you please leave me alone?
1534891731,teenagersnew,tehkurex,what\u2019s up w young teens thinking they need 2 reach big milestones early or else it\u2019s sad
1534891730,Pathfinder_RPG,lePurpleboom,Weapon Size
1534891730,DiosTodopoderoso,cristianos17128,Las palabras del Esp\xedritu a las iglesias | "\xa1Qu\xe9 voz m\xe1s hermosa!" Tr\xe1iler oficial | Evangelio del Descenso del Reino
1534891730,niceguys,thehosty,This was from a news video about a dead young girl from Iowa...fucking disgusting...
1534891730,FalloutMods,THICC_BOY101NOTHOT,[All fallouts] Worst mods
1534891730,SteamGameSwap,Chamix7722,[H] One Piece Pirate Warriors 3, Flat Heroes, RIVE, and others [W] WoW Sub
1534891729,StarWars,No_sign,Liked The Last Jedi? Share something you disliked. Disliked The Last Jedi? Say something you liked.
1534891729,Tinder,yungshvwty,i mean she said she was vegan i\u2019m just helping her out
1534891729,MTBVideos,gromlyfe,Golden Hour Mountain Biking Ride: Gopro Chest/Helmet Pov
1534891729,memes,EnzoGorlami42,High pressure splooge
1534891729,reactiongifs,slinkywheel,When you set your favorite song to your alarm but now you hate the song
1534891728,freefolk,House_Gryffindor,Next season gonna be NonStop \U0001f440
1534891728,adorableporn,D_rstep,Cute selfie
1534891728,JamesBond,mattynegs,James Bond Needs A New Director - Here Are 5 Names Worth Considering
1534891728,JUSTNOMIL,gleamandglowcloud,MIL freaking out because we plan on moving out
1534891728,factorio,DrunkenCyclop,How to disable replay from an existing save ?
1534891728,worldofpvp,Queawtik,Double DPS arenas
1534891728,dankmemes,Blaiidds,F for the number 1
1534891727,ContestOfChampions,CordTavrer,How bad yall want Medusa?
1534891727,MadeMeSmile,hungryfordonuts5,I\u2019m a 15 year old water boy for the football team. I was too small to ever play on the high-school team, so I became the manager. I\u2019ve been working this for two years, and today the whole entire team surprised me and told me that I\u2019m a huge part of the team and that they were thankful. Made my day.
1534891727,IWantOut,zachman234,Rest In Peace Stefan Karl
1534891727,StudentNurse,NovaAuroraStella,Burnt out CNA
1534891727,notapanelshow,thehogdog,Gogglebox Australia is supposed to start back on August 31st. Will gladly $upport posters of this hilarious show when the new episodes start.
1534891727,Showerthoughts,jackalsclaw,Orphans could be rebranded Certified Pre-Owned children.
1534891727,balisong,too-flips,All my squids
1534891727,rupaulsdragrace,come-to-make-friends,Our AS3 and S10 winners \U0001f498
1534891727,Fallout,Thumbs0fDestiny,Am I the only one that legiterally feels physically lighter after going home and dropping off items? In Edler Scrolls or fallout it doesn't matter what game or even if I'm over-encumbered. When I go back to my base and drop off extra gear I feel like my actual body has somehow lost weight.
1534891727,u_YungdoubleO7,YungdoubleO7,Akula/Hunter and why?
1534891726,Sub4Sub,lmg213,Youtube sub 4sub rode to 100
1534891726,AskReddit,jesal221989,What was the last thing you searched for on your phone?
1534891726,askphilosophy,babble_tongue,What are the current thoughts on a Holographic Universe? Is Michael Talbot's book outdated?
1534891726,AskReddit,Offnye98,Knowing what you know now what would you warn your 16 year old self about?
1534891726,Business_Ideas,Infinitegalaxyskies,Community-idea
1534891725,TranscribersOfReddit,transcribersofreddit,CasualUK | Video | ""Hi mum""
1534891725,reactiongifs,Two_Faced_Harvey,MRW I learn Robbie Rotten Actor Stefan Karl Stefansson has died
1534891725,AgeplayPenPals,Borntodpp,33 M4F - (TW: Suicidal thoughts/actions) Suicide by blowjob (WAM, Self-snuff, drowning)
1534891725,gonewild,Davemeyer30,(M)ake my Tiny Penis Hard. Girls PM Me and Laugh
1534891725,relationship_advice,presentgirl,Bf a douche or am I overreacting?
1534891724,TheWalkingDeadGame,sneebb,can/will telltale remake season 3?
1534891724,me_irl,Abdision,me\U0001f9e5irl
1534891724,Monsterverse,ThePainTra1n96,G Tracker is back online!
1534891724,wehappyfew,Strom_MB,Sunshine pills
1534891723,imageprocessing,VOLUNTARY_BREATHING,How do I put a kernel into matrix notation?
1534891723,TwoXChromosomes,bduk6,I\u2019m not used to having so much say in a relationship.
1534891723,nostalgia,Wirespawn,The Thundercats intro is still hype as fuck.
1534891723,TechNewsNow,SCCM-GUY,Researchers use AI to match patients with primary care doctors
1534891723,pumparum,jepwol,[PC] W: Soul Stacks H: most things, karma, mule
1534891723,Welding,kuulkatta,Just one of those days...
1534891723,dirtykikpals,Dominantmistress98,18 [F4M] Young slave guys to play with?
1534891722,books,jharrell,Great interview with the authors of "Who Will Speak for America"
1534891722,gonewild,HandsomeCockInHand,Throbbing (M)
1534891722,tea,sparrowtail_teas,Aftermath of Yesterday's Tasting
1534891722,SquaredCircle,DangoBreeze,Becky Lynch - "I am the best on this roster, both RAW &amp; SmackDown and I have proven that time &amp; time again, yet I don't get the opportunities, why is that? Is it because I'm not blonde enough? Is it because I don't have enough enhancements?"
1534891722,dirtyr4r,killa_abbs93,24 [F4F] I got a lil fkd up at a party earlier, lets play ;)
1534891722,u_rodimusprime27,rodimusprime27,Best thing I've seen in a long time.
1534891722,LSD,simulated247,Pretty convinced sleep is a myth
1534891721,asktransgender,HollyHolyLove,What happens if you get breast augmentation before they're done growing?
1534891721,Football_Art,Hudd24,Alexandre Lacazette illustration by @Sporting.Graphics__ on Instagram
1534891720,iranian,poshpotdllr,LOL KHAREJIZ DISCOVER DOOGH! the comments section is hilarious.
1534891720,sehnsuchtpics,Supplementalsecurity,Hot Springs: Yavapai Co. Arizona by Maxfield Parrish
1534891720,poker,shickard,In light of the 'King of Aces' tattoo earlier I thought I'd share my King of Hearts rendition. By Nina at Sayagata tattoo Melbourne
1534891720,toronto,WastedCyberspace,Rainbow photo from the gym!
1534891720,pokemongo,snick_3rs,USA daily gifter here. Pok\xe9mon go code is 4231 6355 1420. Gifters only!! \U0001f525\U0001f49c
1534891720,heroesofthestorm,ThexLoneWolf,Why doesn't matchmaking allow for duplicates of heroes in the same match?
1534891719,u_kalesaladh,kalesaladh,BATTERIES EXPLODING- part 1
1534891719,u_JonCamFilms,JonCamFilms,MY Channel
1534891719,pokemongo,SueDanny,My wife and I need friends for the celebi challenge \U0001f64f
1534891719,thanosdidnothingwrong,Nate_TeamBST,With Stefan Passing, do we have to have the next snap early to restore balance? Can it ever be restored?
1534891719,namenerds,mostlycloudee,Help me name my white male betta!
1534891719,Cebu,AutisticSmartGeek,Maayong Balita (istorya sa Cebuano)
1534891719,gaming,atomic_equation,If this guy didn\u2019t see me grab that lama he definitely had to have thought I was hacking.
1534891718,MonsterHunter,Guy-from-reddit,MHW vs MHG difficulty?
1534891718,PrequelMemes,T1ger2oo4,Can we get rid of this bot. It says General Reposti to everything and just makes the General Reposti meme we have in this sub Reddit not funny.
1534891718,joinsquad,Dryer_Lint,Want people to help seed your clan's empty server? That could now get your license revoked.
1534891718,YoutubeSelfPromotion,Jennifunny,School Sucks
1534891718,gonewild,and-elle,Hope[f]ully you can ignore my tan lines for my last post on here. Next week I\u2019ll be deleting my profile :(
1534891717,Firefighting,-TheWidowsSon-,Tribute - Utah LODD BC Matt Burchett
1534891717,Lovecraft,DoctorRotwang,NSFW Rembrandt Shub Niggurath. 3rd of my Lovecraft series
1534891717,conservatives,MCathran,LTC Allen West on Fascism
1534891717,DDLC,Numbcargo,\u201cWhy are you a ninja\u201d
1534891717,Ice_Poseidon,goblintickler1,chills with 50 billionaires and has a martial arts black belt, but is a couch surfer and too scared to go through with a fight he started. this dudes all talk, ice might as well get managed by jimi the hobo
1534891716,gaming,Slayer1215,This isn\u2019t just a game, boy
1534891716,diet,HealthyMess,Red Tea? Anyone else?
1534891716,jacking,fincockx,19M (ME) Boy Cum with Hitachi in Webcam
1534891716,truerateme,260407Sammy,17M
1534891715,realscatgirls,Overkill158,Looking for premium scat snap chats or scar snap chats
1534891715,AskReddit,GatorDragon,Who was the worst cop you've ever seen (either in terms of ability or just being a jerk)?
1534891715,EcoNewsNetwork,Kunphen,This is a model of the Quetzalcoatlus Northropi, one of the biggest known flying animals.
1534891715,MIAMIHERALDauto,AutoNewsAdmin,[World] - Earthquake causes panic in Caracas
1534891714,AgeplayPenPals,Tylerwonttell,30 [M4F] I want something that I *REALLY* shouldn't want
1534891714,bestof,ebulkemailmarketing,Which Channels Are Assisting Conversions
1534891714,NoSillySuffix,RPBot,[Food] Cinnamon rasin bread [homemade]
1534891714,Rainbow6,Fuzemem,New Recoil changes.
1534891714,BeansInThings,zerotwobest,No u
1534891713,u_fstvmz,fstvmz,Bill Clinton's Son BANISHED The Untold Story of Danney Williams 720p
1534891713,FellowKids,maj412,At my science class
1534891713,startups,RunawayKunta,Legal aspects of startups
1534891713,anime,numnum42k,Looking for good anime\u2019s.
1534891713,PE_Exam,gsurface,Recently passed PE, Alternatives to PC
1534891712,DestinyTheGame,ChrisCohenTV,Inventory bug on PS4 Pro
1534891712,BlueMidterm2018,Dhididnfbndk,Rep. Duncan Hunter and his wife indicted in use of campaign funds for personal expenses
1534891712,leagueoflegends,KoyoteNN,So this happend.
1534891711,BoneAppleTea,haykam821,Don't you just hate hippo's
1534891711,horror,mofo69420,Favorite horror soundtracks!
1534891711,u_Moomin-13,Moomin-13,Will you please do that one petting thing on my head?
1534891711,BicyclingCirclejerk,Thesurveyoer,better gearing on my Serve Aloe?
1534891711,1200isplenty,corintellectual,Tempura Shrimp - 8 pieces without sauce (380 cal) with sauce (460 cal)
1534891710,OnePlus6,ashirviskas,Keyboard lag when typing in a pop up.
1534891710,Laserlike_Hodgepodge,laserlikebot,Is Carrie Underwood Having A Girl? \u2014 Fans Think She\u2019s Hinted At Baby\u2019s Sex TWICE
1534891710,SteamTradingCards,cispdaba197x,Oslo Card set bot(s). | NO whitelist |2000+ sets | lvl 1-250+ available | Huge variety of sets in stock!
1534891710,CampingandHiking,Liberty_bell_,Pikes Peak via Barr Trail
1534891709,AsiansGoneWild,ibigayanggusto,first time to be exposed
1534891709,MonsterHunterWorld,CrisscoWolf,Teo's horn and All Ailment Negated
1534891709,u_doyanjudi,doyanjudi,Prediksi Young Boys vs Dinamo Zagreb 23 Agustus 2018 - Prediksi Jawara
1534891708,Gemstra,9jja,GEMSTRA: HOW IT WORKS
1534891708,ClimateChaos,climatechaosbot,The earthquake in Venezuela is the strongest earthquake to occur in this part of the Caribbean since a magnitude 7.4 earthquake shook the Martinique region of the Windward Islands on Nov. 29, 2007: https://t.co/pN3GKBsCFH https://t.co/QErriTvj5D
1534891708,conspiracy,Deficatingdefender,Bill Gates Noticed a Global Economy Trend That No One Is Paying Enough Attention To
1534891708,Cityofheroes,pipshanked,Comparing Overwatch to CoH
1534891708,dankmemes,hachici,RIP Stefan Karl you are always gonna be number 1
1534891707,hiphopheads,The_Derpgasm,Kanye West and Travis Scott found wandering around Brooklyn subway tracks mid-day
1534891707,unitedkingdom,_Steamed_Hams,'Why I drink 100 units of alcohol a week'
1534891707,u_01Wassup123,01Wassup123,IRL STREAM ~BUILDING MY BOYS PC!!~ | All experts are welcome to help | !sr
1534891706,worldnews,Lawyer2Call,CLEO RESOURCES AVAILABLE Article Source: CLEO (Community Legal Education Ontario/\xc9ducation juridique communautaire Ontario) read more
